:020000040800F2
:10000000505A0020B9020008895F00080B5500080B
:10001000855F0008011900089D70000800000000BD
:10002000000000000000000000000000AD670008B4
:10003000271D0008000000006161000873680008C7
:10004000F9710008D3020008D3020008D3020008A7
:10005000D3020008D3020008611D0008D302000883
:10006000E11D0008151E0008D3020008D302000895
:10007000D3020008D3020008D3020008D30200080C
:10008000D3020008D3020008D3020008D3020008FC
:1000900005190008D3020008D3020008D3020008A3
:1000A000D3020008D3020008D3020008D3020008DC
:1000B000D30200085169000861690008D3020008F2
:1000C000D3020008D3020008D3020008D3020008BC
:1000D000D3020008D3020008D3020008D3020008AC
:1000E000AD1D0008D3020008D3020008D3020008A7
:1000F000D3020008D3020008D3020008D30200088C
:10010000D3020008D3020008D3020008D30200087B
:10011000D3020008D3020008D3020008D30200086B
:10012000D3020008D3020008D3020008D30200085B
:10013000D3020008D3020008D3020008D30200084B
:1001400015190008D3020008D3020008D3020008E2
:10015000D3020008D3020008D30200088D70000803
:10016000D3020008D3020008D3020008D30200081B
:10017000D3020008D3020008D302000800000000E8
:10018000D3020008D3020008D3020008D3020008FB
:10019000D3020008D3020008D3020008D3020008EB
:1001A000D3020008D3020008D302000800F002F8CE
:1001B00000F072F80AA090E8000C82448344AAF18F
:1001C0000107DA4501D100F067F8AFF2090EBAE88D
:1001D0000F0013F0010F18BFFB1A43F0010318477B
:1001E000F8020100180301000A444FF0000C10F857
:1001F000013B13F0070408BF10F8014B1D1108BFA5
:1002000010F8015B641E05D010F8016B641E01F844
:10021000016BF9D113F0080F1EBF10F8014BAD1C94
:100220000C1B09D16D1E58BF01F801CBFAD505E0B2
:1002300014F8016B01F8016B6D1EF9D59142D6D30C
:10024000704700000023002400250026103A28BF34
:1002500078C1FBD8520728BF30C148BF0B60704738
:1002600066290FF06A82642900F03E81782900F047
:100270007781732900F08485002070471FB50FF047
:1002800052FA00F097FD0400002000210EF078FEE5
:10029000E0601FBD10B510BD00F0A4FE1146FFF7D1
:1002A000EDFF09F0A9FB00F0C2FE03B4FFF7F2FF77
:1002B00003BC07F0C3FA000009488047094800471B
:1002C000FEE7FEE7FEE7FEE7FEE7FEE7FEE7FEE706
:1002D000FEE7FEE704480549054A064B7047000063
:1002E0003D690008AD01000850540020505A00201C
:1002F0005056002050560020704753EA020C00F080
:1003000069802DE9F04B4FF00006002B1FBFB3FAB8
:1003100083F503FA05F424FA05F65E4012BF16438E
:10032000B2FA82F502FA05F4C5F120051EBF22FAE1
:1003300005FC44EA0C04203556EA044C4FEA144408
:1003400018BF641C4FF000084FF00009904271EB99
:10035000030C39D3002919BFB1FA81F701FA07F666
:10036000B0FA80F700FA07F6C7F120071EBF20FA9F
:1003700007FC46EA0C062037B6FBF4FCA7EB0507A2
:10038000103F07F01F0BCBF120060CFA0BFB2CFAE9
:1003900006F644BFB3460026202FA4BF5E464FF0AA
:1003A000000B5BEA060C08BF4FF0010B19EB0B09C1
:1003B000ABFB027C48EB0608C01B06FB02CC0BFB28
:1003C00003CC71EB0C01C1E70B460246414648469F
:1003D000BDE8F08B13B54FF000004FF00001AFF314
:1003E0000080BDE81C40704710B54C1084EA5304EF
:1003F00004D54042C1F1000138BF491E1B4204D55B
:100400005242C3F1000338BF5B1EFFF776FF14F0C2
:10041000804F04D04042C1F1000138BF491E14F0A2
:10042000004F04D05242C3F1000338BF5B1E10BD21
:100430000FB4044910B503AA029800F0A5FC10BC43
:100440005DF814FB6C00002070B5044685690068F7
:10045000C10601D5302600E02026C00707D070BDB8
:10046000D4E9012130469047206A401C20626D1E6D
:10047000F6D570BD70B5044685690078C00707D110
:1004800070BDD4E9012120209047206A401C2062E1
:100490006D1EF6D570BD70B50C460546012A05D017
:1004A0002878800600D5EA69002302E0012305E0F0
:1004B0005B1C934202D2E05C0028F9D1A869E618DF
:1004C000C01AA861286A184428622846FFF7BCFFB2
:1004D00004E0D5E9012114F8010B9047B442F8D3A8
:1004E0002846FFF7C7FF70BD2DE9F04106460024FE
:1004F00010687529314616A510D0AFF3008000288A
:1005000002DA404213A507E031688A0701D512A537
:1005100002E0490704D511A5012401E0AFF30080F2
:1005200000210A2206F1240709E0B0FBF2FCB0FB2F
:10053000F2F302FB1C00303078541846491C0028A6
:10054000F3D123462A463046BDE8F04100F09EB97B
:10055000000000002D0000002B0000002000000023
:1005600070B504460D4621461068AFF3008021881F
:10057000090502D50F4A7A4402E00E4A7A440E3247
:10058000002104F1240305E000F00F060009965D48
:100590005E54491C0028F7D120780023000704D5B9
:1005A000702D02D009B1022311322046BDE87040FF
:1005B00000F06CB954F600002DE9F05F894604465E
:1005C0004FF0000ADFF824B1FB44C0F820A0204619
:1005D000E168884700287DD0252806D0D4E901218C
:1005E0009047206A401C2062F1E700255F462046C4
:1005F000E16888472028064607DB312E05D2B81966
:1006000010F8200C08B10543F1E7A80701D525F043
:100610000405C4F81CA00027C4F818A02A2E09D08D
:10062000304606F0E3FE38B304EB8708303EC8F8E6
:10063000186019E059F8041B204604EB8702916109
:10064000E1688847012F064618D1E069002820DAC2
:1006500025F020051DE0D8F8180000EB800006EB1F
:1006600040003038C8F818002046E1688847064640
:1006700006F0BCFE0028EED1012F0AD02E2E08D1A4
:100680002046E16888477F1C0646022F45F020057A
:10069000C4DBA069002803DA404245F00105A061EF
:1006A000E80701D025F01005A6B1A6F141001928F0
:1006B00002D8203645F400654A463146204625607A
:1006C0004D46FFF7CDFD60B1012807D0ED1D25F0A7
:1006D000070000E007E000F1080978E705F10409E8
:1006E00075E730467AE7206ABDE8F09F2AF60000F9
:1006F00040EA010310B59B070FD1042A0DD310C89F
:1007000008C9121F9C42F8D020BA19BA884201D9F0
:10071000012010BD4FF0FF3010BD1AB1D30703D038
:10072000521C07E0002010BD10F8013B11F8014BEE
:100730001B1B07D110F8013B11F8014B1B1B01D10A
:10074000921EF1D1184610BD032A40F2308010F0FD
:10075000030C00F0158011F8013BBCF1020F62445C
:1007600098BF11F801CB00F8013B38BF11F8013BED
:10077000A2F1040298BF00F801CB38BF00F8013B9A
:1007800011F0030300F02580083AC0F0088051F80A
:10079000043B083A51F804CBA0E80810F5E7121D15
:1007A0005CBF51F8043B40F8043BAFF30080D20734
:1007B00024BF11F8013B11F801CB48BF11F8012B00
:1007C00024BF00F8013B00F801CB48BF00F8012B23
:1007D000704710B5203AC0F00B80B1E81850203AAD
:1007E000A0E81850B1E81850A0E81850BFF4F5AFD1
:1007F0005FEA027C24BFB1E81850A0E8185044BF5B
:1008000018C918C0BDE810405FEA827C24BF51F8C7
:10081000043B40F8043B08BF7047D20728BF31F8BB
:10082000023B48BF11F8012B28BF20F8023B48BF0C
:1008300000F8012B70474FF0000200B513469446B4
:100840009646203922BFA0E80C50A0E80C50B1F128
:100850002001BFF4F7AF090728BFA0E80C5048BF3C
:100860000CC05DF804EB890028BF40F8042B08BFDA
:10087000704748BF20F8022B11F0804F18BF00F8D6
:10088000012B704770477047704770472DE9F0475C
:100890000D4699469246044600F1240801688806F0
:1008A00004D5E06921F01001216000E00120A84298
:1008B00001DD471B00E00027A1697A1902EB09005E
:1008C000081AA0612078C00602D42046FFF7BCFDBC
:1008D000002608E0D4E901211AF806009047206AB2
:1008E000401C761C20624E45F4DB2078C0060AD5F9
:1008F0002046FFF7A9FD06E0D4E90121302090470A
:10090000206A401C2062381EA7F10107F4DC07E0D2
:10091000D4E9012118F805009047206A401C2062A4
:10092000281EA5F10105F3DC2046FFF7A3FD207882
:10093000000602D50220BDE8F0870120FBE77047E2
:100940002DE9FF4F0C461E464FF0FF378BB0D2E922
:100950000001DDF860800A908A46C1F30A5505B9A6
:100960003D46002108464FF00000BAF1000F00F4A8
:10097000400005DA00EB80004FF4400101EA50002E
:100980004FEA9059B9F1010F00DDB9460A9850EAD3
:100990004A000ED044F61050A5F2FF3545432F14FF
:1009A000B8F1000F1ED07542291E1EDDC9F10002EC
:1009B0001CE0B8F1010F4FF0000001D0302103E03E
:1009C000F24305E02154401CB042FBDB30460022DC
:1009D000002121540B99C1F80880C1E900200FB013
:1009E000BDE8F08FBD1B6D1CDEE74A4600DA6942A8
:1009F00006A800F081FA06AB93E8070003AB83E892
:100A0000070050460A9900F05BFB8DE80700A0F54F
:100A100000501F3800900398002D0ADD42F21F019C
:100A20004A460844002303A90390684600F0C4FD29
:100A300009E0A0F500504A461F38002303A903909F
:100A4000684600F0CEFD8DE807000004000C03D0DE
:100A50004FF0FF30410800E01046B8F1000F03D01E
:100A60000022009215461EE0751E05D400F0A6F97E
:100A7000303262556D1EF9D5B3460122084302D0CB
:100A800000227F1C04E02078302801D100227F1E44
:100A9000002A099784D01DE0112D07DA00F08EF9A5
:100AA000303262556D1C50EA0102F5D1084302D084
:100AB0000098C8B10EE00021681E05E0235C625C6E
:100AC00063542254401E491C8142F7DBAB46A81BED
:100AD000401E0990002004F80B000B98099AC0F8FA
:100AE0000880C0E9002B7AE711264FF0000857E78D
:100AF0002DE9F04F88460446D21D22F0070191B03F
:100B0000D1E90001CDE90A0106F097FB02460B98F6
:100B1000C00F01D02D2007E02068810701D52B20D0
:100B200002E0202101EAC000032A099001D0072A2F
:100B300005DB03464146204600F09EF90BE1207894
:100B4000800601D5E06900E00620B8F1650F814616
:100B500006D0B8F1660F18D0B8F1670F70D131E048
:100B60000020B9F1110F009001DB112301E009F120
:100B700001030AAA01A90CA8FFF7E2FEDDE90C7047
:100B8000002609F10105834647E001204B4600900D
:100B90004FF000470AAA01A90CA8FFF7D1FEDDE932
:100BA0000DB00C995D46002610B909F101000D1831
:100BB000B9EB050003D4C0F1FF3609F10105A5EB3F
:100BC00009002BE0B9F1010F01DA4FF00109002013
:100BD000B9F1110F0090484601DD112300E00346F2
:100BE0000AAA01A90CA8FFF7ABFEDDE90C704D467F
:100BF00000268346207800070AD4AB4500DA5D461C
:100C000001A8012D04DD411911F8011C302907D07C
:100C10004F4502DA17F1040F04DA012082460FE093
:100C20006D1EEEE7002F02DCED1B3E4403E0781C56
:100C3000A84200DD7D1CB81B00F1010A4FF00047FF
:100C40002078000703D4AA4501DB4FF0FF3A0021CA
:100C5000B7F1004F0DF143088DF8431024D0022066
:100C60002B23002F01DA7F422D230A21021EA0F13F
:100C7000010000DC5FB197FBF1FC97FBF1F201FB97
:100C80001C7C17460CF1300C08F801CDEEE7A8F1FA
:100C9000010003702188090501D5452100E0652187
:100CA000A0F1010800F8011C09980FA9A1EB0807A1
:100CB000FF1D00B10120411901EBEA70A169384420
:100CC000081A401EA0612078C00602D42046FFF713
:100CD000BBFB099828B1D4E901219047206A401C48
:100CE00020622078C00622D52046FFF7ADFB1EE02B
:100CF000002E04DBB34502DD01A8805D00E030205A
:100D0000D4E901219047206A401C2062761CAAF198
:100D100001005FEA000A0AD100F04CF8C0680168DF
:100D2000405CD4E901219047206A401C2062281EC3
:100D3000A5F10105DCDC07E0D4E9012118F8010B7D
:100D40009047206A401C2062381EA7F10107F3DC9F
:100D50002046FFF78FFB032011B041E610B5436931
:100D600013B1AFF3008001E0FFF795FB012010BD48
:100D7000127800F124010A7000224A700122EDE786
:100D800011684FF0FF32E9E7074B70B50D467B4421
:100D900000F05FF80446284600F020F910B14FF04B
:100DA000FF3070BD204670BD63850000004870476D
:100DB000EC530020004870470C54002030B5B0F1CF
:100DC0000A024FEA900E71F100034EEA817EB0EB09
:100DD0000E0061EB91014FEA101E4EEA017E10EB0E
:100DE0000E0041EB11114FEA102E4EEA016E10EB8E
:100DF0000E0041EB11214FEA104E4EEA014E10EB6E
:100E00000E0041EB1141401841F100014FEAD000C2
:100E100040EA41704FEAD10110EB80054FEA8104AE
:100E200044EA907444EB01046D1944EB0404521B32
:100E3000A3414FF0000348BF0A3200D530BD401C2B
:100E400041F1000130BD000001694A1C02610878CF
:100E5000704700B58FB0CDE90131002105910549FA
:100E60007944CDE9031011466846FFF7A5FB0FB0A2
:100E700000BD0000E5FFFFFF2DE9F0411F460446DD
:100E800003260168072A01F4006004DB08B116A5F7
:100E900005E016A503E008B115A500E015A521F0B1
:100EA00010002060A069C01EA0610FB1401EA061AB
:100EB0002046FFF7C9FA4FB1D4E9012138469047DF
:100EC000206A401C2062C01C206206E0206AFAE70B
:100ED000D4E9012115F8010B9047761EF8D220467F
:100EE000FFF7C8FABDE8F0814E414E006E616E001A
:100EF000494E4600696E66002DE9F0478146164668
:100F00008AB0354878440DC88DE80D0032487844E1
:100F1000801C03AC0DC884E80D0041F69B300844EA
:100F2000372190FBF1F290FBF1F5A5F1800501FB73
:100F300012041B3C02D56442012000E00020DFF8CF
:100F400098A080460027FA44AAF1BE0A0EE0E00706
:100F50000AD03246684607EB470101230AEB8101BC
:100F600000F03FFB8DE8070064107F1C002CEED1E1
:100F7000194F7F44AE3F19E0E80715D007EB041086
:100F80000DF1180A90E80E008AE80E00C068F042E1
:100F900001D1981908903246012306A903A800F050
:100FA00020FB03AB83E807006D10641C002DE3D128
:100FB0004FF0010332466946B8F1000F03A802D092
:100FC00000F0FAFA01E000F00CFBC9E90001C9F8F1
:100FD00008200AB0BDE8F0877CED0000007B00F03F
:100FE000800070477546FFF7E1FEAE460500694692
:100FF000534620F00700854618B020B5FFF76AF980
:10100000BDE820404FF000064FF000074FF0000809
:101010004FF0000B21F00701AC46ACE8C009ACE88A
:10102000C009ACE8C009ACE8C0098D46704710B5EE
:101030000446AFF300802046BDE81040FFF735B905
:101040004FF0013C50F8042B51F8043B9A4221D157
:10105000A2EB0C03934313EACC1317D150F8042BE3
:1010600051F8043B9A4215D1A2EB0C03934313EAC7
:10107000CC130BD150F8042B51F8043B9A4209D100
:10108000A2EB0C03934313EACC13DBD04FF0000028
:10109000704700BFD01A01BAB1FA81F101F018010E
:1010A00022FA01F0CB40C1F12001DBB2C0B2C01A7C
:1010B0002CFA01F3D11A914311EAC311E6D170471A
:1010C0005FEA400C08BF91F0000F4FEA8C234FEA13
:1010D000C12243EA51514FEA1C5018BF00F5F040BD
:1010E0004FEA300018BF41F000415FEA6C5C00F04D
:1010F0002980BCF1FF3F08BF40F080407047130CCF
:1011000006BF12044FF0100C4FF0000C130E04BF7A
:1011100012020CF1080C130F04BF12010CF1040CA5
:10112000930F04BF92000CF1020CD30F04BF5200C6
:101130000CF1010C11464FF00002A0F11F00A0EBD2
:101140000C00704711F0004F08BF704731F00041AC
:101150003FF4D5AF0B0C06BF09044FF0100C4FF055
:10116000000C0B0E04BF09020CF1080C0B0F04BF9E
:1011700009010CF1040C8B0F04BF89000CF1020C67
:10118000CB0F04BF49000CF1010CCCF12003A0EB04
:101190000C0022FA03F302FA0CF241EA030100F117
:1011A0000100704720F07F4C80EA030023F07F4766
:1011B000ACEB070303F57C5300F0004003F1FF03A1
:1011C0002DE980494FEA154B09B44FEA144325EA4B
:1011D0000B4E24EA03480FF2042606EB13274908B6
:1011E0003E785FEA320203FB0667C7F5000707FB9C
:1011F00006F64FEA54374FEAD64606F1020607FBD9
:10120000066CCCF1005C4FEA1C472CEA074C07FB4C
:1012100006F40CFB06F504EB15464FEA961634BFB0
:1012200000204FF000404FEAD13706FB07FC4FEAA1
:101230001C4C0CFB0BF7D21B03FB0CF761EB0701FB
:101240000CFB0EF7B0EB074072EB17420CFB08F7F4
:1012500034BFA2EB0742B2EB074261EB17414FEA02
:101260000C444FEA910706FB07FC4FEA1C4C0CFBB1
:101270000BF7B0EBC74072EB573203FB0CF734BFF0
:10128000A2EBC742B2EBC74261EB57310CFB0EF742
:10129000B0EBC70072EB57720CFB08F734BFA2EB40
:1012A000C702B2EBC70261EB5771039F4FEA81613E
:1012B00041EA921104EBCC044FEAD1374FEA826243
:1012C00006FB07FC42EA90124FEA80604FEA1C4C92
:1012D0000CFB0BF7D21B03FB0CF761EB07010CFBBC
:1012E0000EF7B0EB074072EB17420CFB08F734BF68
:1012F000A2EB0742B2EB074261EB17414FEA8C5574
:101300004FEA910704EB9C2406FB07FC4FEA1C4CB8
:101310000CFB0BF7B0EBC74072EB573203FB0CF73B
:1013200034BFA2EBC742B2EBC74261EB57310CFBB3
:101330000EF7B0EBC70072EB57720CFB08F734BF27
:10134000A2EBC702B2EBC70261EB577115EB4C255C
:101350004FEA816141EA92114FEA82624FEAD13746
:1013600042EA901206FB07FC44F100044FEA806059
:101370004FEA1C4C0CFB0BF7D21B03FB0CF761EB89
:1013800007010CFB0EF7B0EB074072EB17420CFBAA
:1013900008F734BFA2EB0742B2EB074261EB1741FB
:1013A00015EB1C154FEA813141EA92414FEA823236
:1013B00042EA90424FEA80304FEA0C7644F1000452
:1013C00048EA03434EEA0B484FF0000EB2EB080C1C
:1013D00071EB030724BF624639464EEB0E0E4FF009
:1013E000000B0018524149414BEB0B0BB2EB080CC0
:1013F00071EB03077BF1000B24BF624639464EEBCD
:101400000E0E4FF0000B0018524149414BEB0B0BF5
:10141000B2EB080C71EB03077BF1000B24BF6246B3
:1014200039464EEB0E0E51EA020718BF46F0010690
:1014300016EB0E7655F1000254F1000103D5BDE81C
:101440008901BDE80088BDE88901BDE80048B619FA
:10145000524141EB0101A3F10103704780807F7E7F
:101460007D7C7B7A7978777676757473727171701A
:101470006F6E6E6D6C6C6B6A6A69686867666665CC
:101480006464636362616160605F5F5E5E5D5D5C5A
:101490005C5B5B5A5A5959585857575656555555CB
:1014A0005454535352525251515050504F4F4F4E2B
:1014B0004E4D4D4D4C4C4C4B4B4B4A4A4A49494979
:1014C00048484847474747464646454545444444BB
:1014D000444343434342424242414141002B9C46E4
:1014E00030D477002BD01CB54FEA370703B44FF048
:1014F00010004FF01001BAF1000F06D0BCF1000F40
:10150000DCBF40F0080040F008014FF000000FBCC5
:10151000BDE810400BF1010BBBF1010F08BF5FEA02
:10152000170722BF12F1010211F101014FF0004132
:1015300043F1000300F0004043EA00007047F9D394
:101540005708D0E746EA064613F1400F4FEA164621
:101550001FDD13F1200FDFBF16430A4600212033A1
:101560005B42BED0C3F1200746EA064602FA07F7FF
:101570004FEA164646EA0706C3F1200722FA03F2AD
:1015800001FA07F721FA03F14FF0000342EA0702DC
:10159000A7E746EA020646EA06464FEA164646EA44
:1015A0000106BCBF46EA0646360C4FF000034FF07A
:1015B00000024FF0000194E72DE9804C9A469346D3
:1015C00070B491E8380007C831EA400C48BF34EAEB
:1015D000430C03D5FFF7E6FDFFF780FFF0BCBDE845
:1015E000008C2DE9804C9A46934670B491E83800FF
:1015F00007C810F0804F08BF13F0804F03D100F0F0
:1016000005F8FFF76BFFF0BCBDE8008C20F07F47CA
:1016100080EA030023F07F4C07EB0C03A3F57C5317
:1016200000F00040A3F1FE0392F0000F00F0B38041
:1016300095F0000F00F077802DE901494FEA114045
:101640004FEA144621EA004800FB06FC24EA06475C
:1016500008FB06F607FB08F800FB07F718EB06483F
:101660004CEB164C4FEA124B18EB07484FEA154665
:101670004CEB174022EA0B4E0BFB06FC25EA064713
:101680000EFB06F607FB0EFE0BFB07F71EEB064EE6
:101690004CEB164C4FF000061EEB074E4CEB174B75
:1016A00018EB0B0840F1000018EB0E0B58EB00088C
:1016B00040F100008F1A4FF000013CBFC943661B88
:1016C00014BFB5EB040C00213CBFC943F61B4FEA25
:1016D00017444EEA8E0E27EA04454FEA1C4704FBE6
:1016E00007622CEA074C05FB07F70CFB05F604FB29
:1016F0000CFC16EB074642EB174216EB0C4642EB8E
:101700001C421BEB060658EB0202414146EA9E06CC
:1017100001D5BDE80189B619524141EB0101A3F1A0
:101720000103BDE801894FEA14454FEA114724EA55
:10173000054621EA074C05FB07F406FB07F70CFBFF
:1017400006F105FB0CFC11EB074144EB17444FEA93
:10175000124711EB0C4144EB1C4422EA074C05FBF9
:1017600007F206FB07F70CFB06F605FB0CFC16EB75
:10177000074642EB174216EB0C4642EB1C456A1833
:1017800054F1000148BF7047B619524141EB0101C5
:10179000A3F10103704795F0000F37D04FEA1142D3
:1017A0004FEA144721EA024624EA074C02FB07F1FC
:1017B00006FB07F70CFB06F402FB0CFC14EB0744DA
:1017C00041EB17414FEA154714EB0C4441EB1C4128
:1017D00025EA074C02FB07F506FB07F70CFB06F6AC
:1017E00002FB0CFC16EB074645EB174516EB0C46C7
:1017F00045EB1C42121951F1000148BF7047B61960
:10180000524141EB0101A3F1010370474FEA144536
:101810004FEA114724EA054621EA074C05FB07F188
:1018200006FB07F70CFB06F24FF0000605FB0CFC6D
:1018300012EB074241EB174112EB0C4251EB1C41FA
:1018400048BF7047921841EB0101A3F101037047B3
:1018500010B503F085FE10BD70B50446002603F0F8
:1018600031FF2546E11704EB11610912A02202EBBA
:101870004101C8B203F0F2FE03F070FFE11704EB80
:1018800011610912A4EB0121C8B203F0E7FE03F0D5
:1018900065FF03F017FFA12003F0E0FE03F05EFFF9
:1018A000002003F0A5FE064603F032FF304670BD6F
:1018B00070B504460E4603F005FF2546E11704EB1C
:1018C00011610912A02202EB4101C8B203F0C6FE69
:1018D00003F044FFE11704EB11610912A4EB0121AD
:1018E000C8B203F0BBFE03F039FF304603F0B6FE8A
:1018F00003F034FF03F00CFF0A2001F06FFB70BD12
:1019000000BFFEE710B5024800F09FFF10BD0000C9
:10191000403A002010B5024800F097FF10BD0000CB
:10192000683A00202DE9F04F87B081460D4600202F
:1019300006900590039004900024824683468046DA
:1019400002900026002701908C4890F800804FF606
:10195000FF7000EA08288948407840EA0808082D06
:101960007DD2DFE805F07C041C7C256198DD84488D
:10197000407E8349897E88420DD18148407E03287C
:1019800008D17E48047924024079044320B206F04D
:101990004DFE03E002E07BA0FEF74AFDE9E0774858
:1019A000447924028079044320B206F03FFEE0E04F
:1019B00072488078814988600846806800028860A3
:1019C000084680686D49C97808437C4988600846A4
:1019D0008068000288600846806868490979084381
:1019E0007649886008468068886064480168039189
:1019F000406804909DF8040020F03E0008308DF807
:101A000004009DF8040020F001008DF80400BDF8EA
:101A1000040020F4F860ADF80400042203A948464D
:101A2000019B00F01CFEA4E054480168039140684B
:101A3000049053484068000C8DF81100504880888D
:101A4000000A8DF812004E4800798DF813009DF8B9
:101A5000040020F03E000A308DF8040000E087E02A
:101A60009DF8040020F001008DF80400BDF804008A
:101A700020F4F860ADF80400082203A94846019B51
:101A800000F0EDFD3E4843684C48426881684CA038
:101A9000FEF7CEFC6DE0394847793F028079074375
:101AA000BDF80410C1F38410394606F025F84F48FC
:101AB0000078072833D14E4806F05AF80646002031
:101AC0004A4908704B480078012828D100208DF839
:101AD0000E008DF80F008DF81000300C8DF81100FD
:101AE000300A8DF81200F0B28DF813009DF8040052
:101AF00020F03E000C308DF804009DF8040020F02A
:101B000001008DF80400BDF8040020F4F860ADF881
:101B10000400082203A94846019B00F0A0FD28E02C
:101B20001648007801280DD1334804F001FB01204C
:101B3000134948763148006845F2780108442F4936
:101B4000086009E00D480078042802D10C49487665
:101B500002E003200A4948762848006800901748A8
:101B600042688168264803682648FEF761FC00E069
:101B700000BF00BF07B0BDE8F08F000024000020C8
:101B80001C43002043414E313A2053797374656DF4
:101B9000204F7065726174696F6E4D6F6465206E61
:101BA0006F74206571207265616C204D6F746F7267
:101BB000204D6F646521200D0A000000EC420020DA
:101BC0005554433A2564206D73204341533A2025F0
:101BD00064206D732043414E3120437572506F7302
:101BE00069206973202564200A0D0000A0000020F0
:101BF000A400002058430020B442002074000020BC
:101C00007000002054FF000870B504460D46D4F85B
:101C10009C0050F82500C0F307464FF0FF30D4F881
:101C2000A01021F81500012104F1B00081553146C2
:101C30002046D4F8AC20904770BD2DE9FF4FDDE978
:101C40000D456CE0A5EB020A4FFA8AF3002B04DD88
:101C500091F800A00AFA03FA05E091F800A0C3F198
:101C6000000B4AFA0BFA0AF0FF0C002B02DDC5F15B
:101C7000080A01E0C2F1080A0AF0FF08804501DD08
:101C8000824600E0C246564605EB060B4FF0FF0ABF
:101C90000AFA0BFAC5F1080E4FF0FF0B4BFA0EFBD8
:101CA0004AEA0B0A0AF0FF072CEA070994F800A099
:101CB0000AEA070A84F800A094F800A04AEA090A90
:101CC00084F800A002EB060A0AF0FF0A5246BAF1B5
:101CD000070F0BDD0022DDF80CA0BAF1000F02D0D7
:101CE0004FF0FF3A01E04FF0010A514405EB060ABC
:101CF0000AF0FF0A5546BAF1070F0BDD0025DDF8A3
:101D00003CA0BAF1000F02D04FF0FF3A01E04FF0D3
:101D1000010A5444A0EB060A0AF0FF0000BF0028A5
:101D200090DCBDE8FF8F70470146481C80B10A482F
:101D3000B0F90000814205D107480088401E00B27A
:101D4000054A1080002001EB4102044B03F83200E9
:101D50004FF0FF307047000078040020245100202D
:101D600010B50A2001F03AF90C480068012811D199
:101D70000B48006808B9012000E00020084908600D
:101D80000848D0F8800208B9012000E0002004498A
:101D9000091D086001200449086010BD000240428E
:101DA0008082404200804042143C014010B50A202D
:101DB00001F014F90748006838B90748006808B905
:101DC000012000E00020044908604FF4005003495E
:101DD000086010BD3402414284824042143C0140FC
:101DE00010B50A2001F0FAF80748006838B907482A
:101DF000006808B9012000E00020044908600420C0
:101E00000349086010BD00000882434280824042BE
:101E1000143C014010B50A2001F0E0F80C480068BD
:101E200088B90C48006808B9012000E00020094981
:101E300008600948D0F8800208B9012000E00020BD
:101E40000449091F086008200449086010BD00000B
:101E50000C8243428482404200804042143C014054
:101E600072B600BFFEE702460868B0B9D1E90103C7
:101E70001843CB6818430B6918434B6918438B69A7
:101E80001843CB6918430B6A18434B6A184313680D
:101E90006FF30E031843106019E0D1E907031843EC
:101EA0004B6A1843136823F4F84318431060D1E9D0
:101EB00001031843CB6818430B6918434B69184357
:101EC0008B69184353686FF30E031843506000206A
:101ED00070470246506943F6FE73984340EA41005A
:101EE0005061002070472DE9F04105460C4616462A
:101EF0000027D4E900010843A168491E40EA4110C7
:101F0000E16840EA412029696FF31501084328611F
:101F100001F018FA07460AE0701C40B126B101F042
:101F200011FAC01BB04202D90320BDE8F081A869B4
:101F300000F020002028EFD00020F6E730B503465F
:101F4000FAB90868401E4C68641E40EA04148868A8
:101F5000401E44EA0024C868401E44EA0034088A4F
:101F6000401E44EA0044888A401E44EA0054087E29
:101F7000401E44EA00609C6804F07044204398606E
:101F800022E0C868401E0403888A401E44EA0050CC
:101F90009C680E4D2C40204398600868401E4C6899
:101FA000641E40EA04148868401E44EA0024088A3B
:101FB000401E44EA0044087E401E44EA0060DC689B
:101FC00004F070442043D860002030BDFF0F0FFFA5
:101FD0002DE9F0470C46DDE90867002100258C4615
:101FE00000BF60E04FF0010808FA01F504EA050CB3
:101FF000AC4557D1D0F800804FEA410A4FF00309B1
:1020000009FA0AF928EA0908C0F80080D0F8008027
:102010004FEA410902FA09F948EA0908C0F80080C4
:10202000012A01D0022A27D1D0F808804FEA410ABC
:102030004FF0030909FA0AF928EA0908C0F80880EC
:10204000D0F808804FEA410906FA09F948EA090878
:10205000C0F80880D0F804904FF0010808FA01F8A1
:1020600029EA0809C0F80490D0F8048003FA01F9BD
:1020700048EA0908C0F80480D0F80C804FEA410A09
:102080004FF0030909FA0AF928EA0908C0F80C8098
:10209000D0F80C804FEA410907FA09F948EA090823
:1020A000C0F80C80491C10299CD3BDE8F0870000C3
:1020B0002DE9F04704460F464FF000096069458856
:1020C000A069B0F802A04DB93B461AA241F6C6215C
:1020D00022A0FEF7ADF9FF20BDE8F08700261EE044
:1020E000606800EBC5000079032809DC06F5905311
:1020F0001EA241F6C82119A0FEF79AF9FF20EBE7CE
:10210000606850F83500C06A90F80080B84502D188
:102110004FF0010905E0681C85B2701CC6B2554538
:10212000DEDD00BFB9F1000F01D1FE20D4E730465B
:10213000D2E700004E6F2053444F20636C69656EF8
:102140007420696E64657820666F756E6420666FB2
:1021500072206E6F64654964200000003078257835
:1021600020257320307825780A0D000053756269A8
:102170006E646578203320206E6F7420666F756EF4
:102180006420617420696E646578200070B504462F
:102190000E46D4F83801008860B3002527E004F12A
:1021A000B000405D0F2820D020680078A8421CD0E5
:1021B00004F5A070405D00280BDCD4F8340120B198
:1021C00029462046D4F834219047012104F1B0007B
:1021D000415504F5A070405D401EC1B204F5A070E9
:1021E00041552946204607F00DFC681CC5B2802DDC
:1021F000D5DB05E0B4F93001FFF796FDA4F8300116
:1022000070BDF8B5002000900024002500260120B4
:102210008DF8000001226946ED2007F0B3FC09208B
:102220008DF8000001226946F52007F0ABFC612023
:102230008DF8000001226946C02007F0A3FC0020B1
:102240008DF8000001226946C12007F09BFC0420A4
:102250008DF8000001226946E62007F093FC632018
:102260008DF8000001226946E82007F08BFC002071
:102270008DF8000001226946F12007F083FCF8BDCB
:1022800008B50120009001226946F42007F07AFC8D
:1022900008BD000008B505F0C3FC00902E4800788A
:1022A00001282CD12D490098884254D32C490098FC
:1022B000884250D82B49009848602B48007E01285E
:1022C00049D12A4800682A49884209D22749086822
:1022D0000BF054F925480068401C244908603AE096
:1022E00000202249086008680BF048F91F48006880
:1022F000401C1E4908601FA0FEF79AF82BE0164804
:102300000078022827D124490098884223D3234902
:10231000009888421FD81349009848601348006805
:102320001349884209D2114908680BF027F90F4870
:102330000068401C0D4908600DE000200B49086052
:1023400008680BF01BF909480068401C0749086041
:1023500008A0FEF76DF808BD584300202FB8840090
:102360005F6F8C001C430020004300209C43002032
:1023700020A10700534452414D3A205272636F72BC
:10238000642044617461204F7665722052616E67EB
:102390006521200D0A000000114A8D00A011950052
:1023A00008B5002000908020009001226946F420AA
:1023B00007F0E8FB0120009001226946F42007F0B5
:1023C000E1FB08BD10B5024692F82030012B01D088
:1023D000022B06D110684069084314686061002030
:1023E00010BD506A40F4802050620120F8E7F0B53B
:1023F00004460D461E4694F8207020688368A8683D
:1024000000B900E000BF012F01D0022F7DD103F001
:10241000806030B903F0006018B903F080500028E4
:102420007ED0C3F30161012088403060A86860B9A4
:10243000B5F800C0E86840EA4C5C206800F5C07060
:1024400000EB0110C0F800C00FE0D5E901C040EA80
:10245000CC00D5F80CC040EA0C00D4F800C00CF554
:10246000C07C0CEB011CCCF80000D5F810C0206833
:1024700000F5C07000EB0110C0F804C0287D0128F1
:102480000ED1206800F5C07000EB0110406840F4E8
:10249000807C206800F5C07000EB0110C0F804C01B
:1024A000D079000692F806C040EA0C4092F805C0C8
:1024B00040EA0C2092F804C040EA0C00D4F800C0B6
:1024C0000CF5C07C0CEB011CCCF80C00D07800069D
:1024D00092F802C040EA0C4092F801C040EA0C2099
:1024E00092F800C040EA0C00D4F800C00CF5C07CA3
:1024F0000CEB011CCCF80800206800F5C07000EB64
:102500000110006840F0010C01E00FE008E02068D5
:1025100000F5C07000EB0110C0F800C00020F0BD55
:10252000606A40F4001060620120F8E7606A40F4DD
:10253000802060620120F2E7F0B504460A46216877
:1025400094F82050012D01D0022D7ED1424901F591
:102550000071086840F001000860086820F47C50B1
:1025600008600868566A40EA06200860107D00F09E
:102570001F06012000FA06F3C8699843C861A1F557
:102580000071D069C8B9D1F80C029843C1F80C02A7
:10259000908880B2968940EA064601F51070576926
:1025A00040F83760108880B2168940EA064601F587
:1025B0001070576900EBC7004660D069012819D137
:1025C000D1F80C021843C1F80C02908880B216882A
:1025D00040EA064601F51070576940F83760908967
:1025E00080B2168940EA064601F51070576900EB83
:1025F000C7004660906928B9D1F804029843C1F831
:10260000040204E0D1F804021843C1F8040210697E
:1026100028B9D1F814029843C1F8140204E0D1F8A3
:1026200014021843C1F81402106A012804D1D1F829
:102630001C021843C1F81C02D1F8000220F001006E
:10264000C1F800020020F0BDFFE7606A40F480207E
:1026500060620120F7E700000064004070472DE948
:10266000F04188B080460D4614461E460020079073
:1026700000270420039000200490019002968DF81A
:10268000180014E0082C01D9082000E0204605902D
:10269000EA1907AB01A94046FFF7A9FE18B10120CE
:1026A00008B0BDE8F081059807440598241A002C6D
:1026B000E8D10020F4E770B5044694F82050012DCD
:1026C00001D0022D7DD151B92068C06800F003000F
:1026D00080B9606A40F400106062012070BD20681B
:1026E000006900F0030028B9606A40F400106062DD
:1026F0000120F3E7206800F5D87000EB01100068B6
:1027000000F004009060906840B9206800F5D8702F
:1027100000EB01100068400D106007E0206800F534
:10272000D87000EB01100068C0085060206800F508
:10273000D87000EB0110006800F00200D060206843
:1027400000F5D87000EB0110406800F00F00082879
:1027500002D30820106108E0206800F5D87000EB73
:102760000110406800F00F001061206800F5D8707B
:1027700000EB0110406800F47F40000A906120687F
:1027800000F5D87000EB01104068000C5061206823
:1027900000F5D87000EB011080681870206800F513
:1027A000D87000EB0110806800F47F40000A587078
:1027B000206800F5D87000EB0110806800F47F00FD
:1027C00000E03CE0000C9870206800F5D87000EB49
:1027D00001108068000ED870206800F5D87000EBFA
:1027E0000110C0681871206800F5D87000EB011066
:1027F000C06800F47F40000A5871206800F5D87066
:1028000000EB0110C06800F47F00000C9871206894
:1028100000F5D87000EB0110C068000ED87131B916
:102820002068C06840F020002668F06005E020685D
:10283000006940F020002668306100204EE7606AA1
:1028400040F480206062012048E72DE9F05F0446F3
:102850000025206846692068D0F8049020688768C1
:102860002068D0F80CA02068D0F810B02068D0F80C
:10287000188006F00100002855D007F00100C0B113
:1028800001202168886007F0020018B1204600F09E
:1028900034FB0EE007F0040010B145F4006508E0D9
:1028A00007F0080010B145F4805502E0204600F022
:1028B00023FB07F48070C8B14FF4807021688860F2
:1028C00007F4007018B1204600F019FB0EE007F481
:1028D000806010B145F4005508E007F4006010B1C5
:1028E00045F4804502E0204600F008FB07F4803004
:1028F000C8B14FF480302168886007F4003018B107
:10290000204600F0FEFA0EE007F4802010B145F4F6
:10291000004508E007F4002010B145F4803502E0DE
:10292000204600F0EDFA06F0080038B10AF0100079
:1029300020B145F4007510202168C86006F004003D
:1029400040B10AF0080028B108202168C86020467C
:1029500000F0FEF906F0020038B12068C06800F00F
:10296000030010B1204600F0F5F906F0400038B140
:102970000BF0100020B145F480651020216808613B
:1029800006F0200040B10BF0080028B108202168B3
:102990000861204600F07EFA06F0100038B1206889
:1029A000006900F0030010B1204600F074FA06F44C
:1029B000003040B109F0100028B1102021684860B3
:1029C000204600F069FA06F4803040B109F00800B2
:1029D00028B1082021684860204600F093FA06F4E8
:1029E000004088B309F0040078B306F4807020B189
:1029F00008F0010008B145F0010506F4007020B1AF
:102A000008F0020008B145F0020506F4806020B12C
:102A100008F0040008B145F0040506F40060A0B118
:102A200008F0700088B108F07000402817D006DC6C
:102A300010280BD020280CD0302819D10CE05028B9
:102A400010D0602814D110E01DE019E045F0080511
:102A50000FE045F010050CE045F0200509E045F0D9
:102A6000400506E045F0800503E045F4807500E090
:102A700000BF00BF2068806920F070002168886175
:102A80000420216848602DB1606A284360622046B6
:102A9000FFF7E4FDBDE8F09F70B504460CB90120D6
:102AA00070BD94F8200010B9204600F0AFF82068FF
:102AB000006840F001002168086000F043FC054612
:102AC0000DE000F03FFC401B0A2808D9606A40F482
:102AD00000306062052084F820000120E0E72068D3
:102AE000406800F001000028EBD02068006820F06A
:102AF00002002168086000F025FC05460DE000F0AA
:102B000021FC401B0A2808D9606A40F4003060624A
:102B1000052084F820000120C2E72068406800F00A
:102B200002000028EBD1207E012806D12068006831
:102B300040F080002168086005E02068006820F00F
:102B4000800021680860607E012806D12068006846
:102B500040F040002168086005E02068006820F02F
:102B6000400021680860A07E012806D12068006826
:102B700040F020002168086005E02068006820F02F
:102B8000200021680860E07E012806D120680068E6
:102B900020F010002168086005E02068006840F01F
:102BA000100021680860207F012806D12068006895
:102BB00040F008002168086005E02068006820F007
:102BC000080021680860607F012806D1206800683D
:102BD00040F004002168086005E02068006820F0EB
:102BE000040021680860D4E9020108432169084310
:102BF000616908436168491E08432168C861002073
:102C00006062012084F82000002049E710B586B0FA
:102C10000446142101A8FDF70EFE474920688842AA
:102C20003AD146480068401C44490860084600689C
:102C300001280FD100BF002000904148006840F0FB
:102C400000703F4908600846006800F0007000907E
:102C500000BF00BF00BF0020009039481038006856
:102C600040F001003649103908600846006800F05D
:102C70000100009000BF00BF4FF4C050019002203F
:102C8000029000200390032004900920059001A9E0
:102C90002C4800F049FA4CE02B492068884248D182
:102CA00000BF002000902648006840F08060244962
:102CB00008600846006800F08060009000BF00BF18
:102CC0001E480068401C1D4908600846006801282D
:102CD0000FD100BF002000901948006840F000703C
:102CE000174908600846006800F00070009000BFB7
:102CF00000BF00BF0020009011481038006840F06D
:102D000002000F49103908600846006800F0020010
:102D1000009000BF00BF60200190022002900020C0
:102D20000390032004900920059001A9074800F0B2
:102D3000FBF906B010BD0000006400400000002058
:102D40004038024000000240006800400004024099
:102D50007047000030B58DB005460020019002900C
:102D600000243248854230D101AB06AA0021284612
:102D7000FFF7A1FC2E490798086008460088C0F3B9
:102D800084102C49097888421BD12948007800F02A
:102D90000100B0B100BF05E001A8005D264908555B
:102DA000601CC4B2082CF7DB21480078C0F3440251
:102DB0002248416822A0FDF73BFB01202A49C87048
:102DC00031E000202849C8702DE02848854225D1EF
:102DD00001AB06AA00212846FFF76DFC069880B2D9
:102DE000ADF80C00099818B900208DF80E0002E02B
:102DF00001208DF80E000A98C0B28DF80F0001A9CD
:102E000004A80A9AFDF7E5FC03A9194805F0AEF8F5
:102E100018480068401C1749086004E007484168EA
:102E200015A0FDF705FB0DB030BD0000403A0020B5
:102E30001C0000205843002024000020EC42002009
:102E40002564206D73204341533A207265637620D8
:102E50004E6577204672616D6520547970652069F2
:102E6000732025640A0D000000430020683A00200A
:102E700004380020640400202564207265637620F5
:102E80006572726F722063616E206672616D65207B
:102E90000A0D000070477047704770B5044694F8FB
:102EA0002000012822D1022084F820002068006838
:102EB00020F001002168086000F044FA05460DE0AA
:102EC00000F040FA401B0A2808D9606A40F400303C
:102ED0006062052084F82000012070BD20684068F1
:102EE00000F001000028EBD16062F6E7606A40F470
:102EF000002060620120F0E770477047704770471C
:102F000070477047704770B50446A56D00F01AFA17
:102F1000064694F83500022808D08020606500BF7E
:102F2000002084F8340000BF012070BD20680068D4
:102F300020F01600216808602068406920F08000B9
:102F400021684861206C08B9A06C28B1206800682D
:102F500020F00800216808602068006820F0010067
:102F60002168086010E000F0EDF9801B05280BD9FE
:102F700020206065032084F8350000BF002084F81D
:102F8000340000BF0320D0E72068006800F0010093
:102F90000028E8D194F85C103F208840A860012008
:102FA00084F8350000BF002084F8340000BF00BF63
:102FB000BBE7014691F83500022803D08020486520
:102FC00001207047052081F835000868006820F06E
:102FD00001000A6810600020F3E7000070B50446A5
:102FE00000F0B0F906462546681C10B10448007888
:102FF000054400BF00F0A6F9801BA842FAD370BDBB
:103000001400002070B5044600F084FB0949B0FBB1
:10301000F1F5284601F0B3FB601EFFF7DFFF00F07B
:1030200079FB4FF47A71B0FBF1F5284601F0A7FB6C
:1030300070BD000040420F0000B587B0142102A807
:10304000FDF7F9FB3148006808B107B000BD012069
:103050002E49086000BF002001902D48006840F014
:1030600001002B4908600846006800F0010001904B
:1030700000BF00BF4FF63F000290022003900020E7
:103080000490032005900C20069002A9214800F02E
:103090004BF80D20029002200390012004900320A1
:1030A00005900C20069002A91B4800F03DF848F25C
:1030B0003710029002200390002004900320059016
:1030C0000C20069002A9154800F02EF84FF68370E8
:1030D00002900220039000200490032005900C2011
:1030E000069002A90E4800F01FF84CF203700290FF
:1030F0000220039000200490032005900C200690ED
:1031000002A9084800F010F800BF9EE70400002064
:103110003838024000140240000802400018024003
:1031200000100240000C0240F8B502460B46002594
:10313000002400200021E0E0012606FA01F51E68C7
:1031400006EA0504AC4274D11E7906F00306012E8E
:1031500004D01E7906F00306022E13D190684F00AA
:103160000326BE40B0434F00DE68BE40304390604F
:10317000506801268E40B0431E79C6F300168E407B
:10318000304350601E7906F00306032E09D0D06844
:103190004F000326BE40B0434F009E68BE40304300
:1031A000D0601E7906F00306022E13D1CF0802F17B
:1031B000200656F827004E07F70E0F26BE40B043F4
:1031C0004F07FF0E1E69BE403043CF0802F12006B4
:1031D00046F8270010684F000326BE40B0431E7912
:1031E00006F003064F00BE40304310605E6806F4F0
:1031F0004036002E1DD000BF00260096414E366896
:1032000046F480463F4F3E603E46366806F48046B0
:10321000009600BF00BF3C4E8F0856F827008E076F
:10322000370F0F26BE40B043384EB24202D10026BF
:103230002EE061E0364EB24201D1012628E0354E43
:10324000B24201D1022623E0334EB24201D103261D
:103250001EE0324EB24201D1042619E0304EB24295
:1032600001D1052614E02F4EB24201D106260FE00F
:103270002D4EB24201D107260AE02C4EB24201D1B6
:10328000082605E02A4EB24201D1092600E00A26AE
:103290008F073F0FBE4030431B4E8F0846F8270074
:1032A000244E3068A0435E6806F4801606B12043C1
:1032B000204E3060361D3068A0435E6806F400166C
:1032C00006B120431B4E361D30601A4E361F306843
:1032D000A0435E6806F4003606B12043154E361F43
:1032E0003060361F3068A0435E6806F4803606B151
:1032F0002043104E083E3060491C1029FFF41CAFDB
:10330000F8BD000044380240083801400000024087
:103310000004024000080240000C0240001002407D
:103320000014024000180240001C0240002002402D
:1033300000240240083C01400AB1816101E00B0415
:103340008361704701480068704700000C0000204E
:103350000348006803490978084401490860704738
:103360000C0000201400002010B50D48006840F447
:1033700000700B4908600846006840F480600860EF
:103380000846006840F480700860032000F0A6F84A
:103390000F2000F007F800F02BF8002010BD00000F
:1033A000003C024070B504460E4800784FF47A7134
:1033B000B1FBF0F00C490968B1FBF0F5284601F0CB
:1033C000DEF908B1012070BD102C07D20022214681
:1033D000501E00F045F80548046001E00120F2E7C6
:1033E0000020F0E71400002018000020100000204A
:1033F00008B500BF002000900E48006840F48040EF
:103400000C4908600846006800F48040009000BF46
:1034100000BF00BF00200090081F006840F08050EF
:10342000091F08600846006800F08050009000BF47
:1034300000BF08BD443802400146084600280DDBA5
:1034400000BF00BF00F01F0301229A4043099B0008
:1034500003F1E023C3F8002100BF00BF00BF7047A5
:103460002DE9F05F80460D461646002703F0FEFE6C
:10347000074639462A46334601F00700C0F1070ADD
:10348000BAF1040F02D94FF0040A01E0C0F1070AB3
:10349000D14600F1040ABAF1070F02D24FF0000A38
:1034A00001E0A0F1030AD4464FF0010A0AFA09FA32
:1034B000AAF1010A0AEA020A0AFA0CFA4FF0010B11
:1034C0000BFA0CFBABF1010B0BEA030B4AEA0B0402
:1034D0002146404603F0D2FEBDE8F09F00BF00F059
:1034E0000702064B19684FF6FF031940044B0B43C4
:1034F00043EA0221014B196000BF70470CED00E068
:103500000000FA0538B5002400BF002000901D48D7
:10351000006840F080501B4908600846006800F0D1
:103520008050009000BF00BF012017490864FFF7DA
:1035300009FF044607E0FFF705FF001BB0F57A7F9F
:1035400001D9032038BD1148406800F48030B0F53F
:10355000803FF0D101200C494864FFF7F3FE044698
:1035600007E0FFF7EFFE001BB0F57A7F01D90320DB
:10357000E8E70648406800F40030B0F5003FF0D1BD
:103580000020DFE74038024000000E42007000409B
:1035900070B504460D460CB9012070BD584800684E
:1035A00000F00F00A84209D255490D700846006886
:1035B00000F00F00A84201D00120EEE7207800F0D3
:1035C000020002281DD1207800F00400042805D153
:1035D0004C48006840F4E0504A490860207800F008
:1035E0000800082805D14748006840F46040454974
:1035F00008604448006820F0F000A1680843414991
:103600000860207800F00100A8B36068012807D1A5
:103610003C4808380068C0F34040B8B90120BCE716
:103620006068022802D06068032807D1354808384E
:103630000068C0F3406048B90120AEE7314808385F
:103640000068C0F3400008B90120A6E72D480068D3
:1036500020F00300616808432A490860FFF772FE02
:10366000064609E0FFF76EFE801B41F28831884272
:1036700002D9032091E707E02248006800F00C001F
:103680006168B0EB810FEDD11D48006800F00F00BC
:10369000A84209D91A490D700846006800F00F00C9
:1036A000A84201D0012078E7207800F00400042827
:1036B00007D11448006820F4E050E168084311493C
:1036C0000860207800F00800082808D10D4800683C
:1036D00020F46040216940EAC1000A49086000F016
:1036E0003FF808490968C1F30311074A515CC84013
:1036F0000649086006480068FFF754FE00204CE7C2
:10370000003C0240083802403EF700081800002044
:1037100010000020014800687047000018000020D9
:1037200000B5FFF7F7FF04490968C1F38221034A96
:10373000515CC84000BD0000083802404EF7000848
:1037400000B5FFF7E7FF04490968C1F34231034AB6
:10375000515CC84000BD0000083802404EF7000828
:103760002DE9F047002400250026A14625480068E1
:1037700000F00C0020B1042805D008283AD105E05B
:10378000DFF8849039E0DFF8849036E01D48001FB0
:10379000006800F03F041B48001F006800F4800030
:1037A00078B11A481749091F0968C1F38811A0FBAD
:1037B00001700146224600233846FCF79EFD05466F
:1037C0000EE011480F49091F0968C1F38811A0FBD9
:1037D00001700146224600233846FCF78EFD05465F
:1037E0000848001F0068C0F30140401C4600B5FBBC
:1037F000F6F902E0DFF8109000BF00BF4846BDE8D0
:10380000F0870000083802400024F40040787D0171
:10381000F8B504460CB90120F8BD207800F001008D
:10382000002874D0F948006800F00C0004280DD07E
:10383000F648006800F00C00082813D1F348001F78
:10384000006800F48000B0F5800F0BD1EF48083815
:103850000068C0F34040002859D06068002856D165
:103860000120D9E700BF6068B0F5803F08D1E74884
:103870000838006840F48030E449083908601EE0E8
:103880006068B0F5A02F0DD1E0480838006840F41A
:103890008020DE49083908600846006840F480301E
:1038A00008600CE0D9480838006820F48030D74917
:1038B000083908600846006820F48020086000BFCE
:1038C000606890B1FFF73EFD054606E0FFF73AFD60
:1038D000401B642801D903209EE7CC4808380068C3
:1038E000C0F340400028F1D011E0FFF72BFD054662
:1038F00006E0FFF727FD401B642801D903208BE772
:10390000C24808380068C0F340400028F1D1207850
:1039100000F0020002285FD1BC48006800F00C00F3
:1039200058B1BA48006800F00C0008281CD1B7480C
:10393000001F006800F48000B0B9B448083800687F
:10394000C0F3400020B1E068012801D0012063E706
:10395000AE480838006820F0F800216940EAC1004C
:10396000AA490839086037E0E06800B30120A84997
:103970000860FFF7E7FC054606E0FFF7E3FC401BA5
:10398000022801D9032047E7A04808380068C0F39F
:1039900040000028F1D09D480838006820F0F80069
:1039A000216940EAC10099490839086014E0002003
:1039B00097490860FFF7C6FC054606E0FFF7C2FC22
:1039C000401B022801D9032026E7904808380068E8
:1039D000C0F340000028F1D1207800F0080008284A
:1039E0002CD16069A8B101208A490860FFF7AAFCC0
:1039F000054606E0FFF7A6FC401B022801D903207C
:103A00000AE782486C300068C0F340000028F1D01B
:103A100014E000207F490860FFF794FC054606E0AB
:103A2000FFF790FC401B022801D90320F4E67748F9
:103A30006C300068C0F340000028F1D1207800F01D
:103A40000400042870D1002770483830006800F066
:103A5000805090B900BF002000906C48383000685A
:103A600040F080506949383108600846006800F02D
:103A70008050009000BF00BF01276748006800F435
:103A80008070B0B96448006840F480706249086092
:103A9000FFF758FC054606E0FFF754FC401B0228E0
:103AA00001D90320B8E65C48006800F48070002863
:103AB000F2D000BFA068012808D1544868300068DF
:103AC00040F001005149683108601DE0A0680528F8
:103AD0000DD14E486830006840F004004B49683111
:103AE00008600846006840F0010008600CE04748A4
:103AF0006830006820F001004449683108600846D9
:103B0000006820F00400086000BFA068A8B1FFF7BB
:103B100019FC054609E0FFF715FC401B41F288310E
:103B2000884202D9032077E626E0384868300068EA
:103B3000C0F340000028EED013E0FFF703FC054679
:103B400008E0FFF7FFFB401B41F28831884201D9B2
:103B5000032061E62D4868300068C0F3400000286B
:103B6000EFD1012F07D129483830006820F080506C
:103B700026493831086000BFA069002845D0234895
:103B8000006800F00C0008285DD0A069022845D12B
:103B900000201F490866FFF7D5FB054606E0FFF742
:103BA000D1FB401B022801D9032035E6174808380D
:103BB0000068C0F340600028F1D1D4E90701084350
:103BC000616A40EA81110122A06AC2EB500041EA19
:103BD00000412C20005D41EA00600C49091F08608B
:103BE00001200B490866FFF7ADFB054606E0FFF72D
:103BF000A9FB401B022801D903200DE60348083821
:103C00000068C0F340600028F1D049E00838024065
:103C100000004742800E47420070004000202149CA
:103C20000866FFF78FFB054606E0FFF78BFB401B9E
:103C3000022801D90320EFE51B480068C0F340606B
:103C40000028F2D12CE0A069012800D1E4E5164853
:103C5000001D0668A069012820D006F48001E069F3
:103C600081421BD106F03F01206A814216D147F6FE
:103C7000C0703040616AB0EB811F0FD106F4403153
:103C80000122A06AC2EB5000B1EB004F06D106F052
:103C900070612C20005DB1EB006F01D00120BBE50D
:103CA0000020B9E5000047420038024070B50446E4
:103CB0000D460CB9012070BD94F82C0028B90020E5
:103CC00084F82D00204600F011F8022084F82C0022
:103CD000211D2068FEF7C7F82946D4E90002FEF747
:103CE0002DF9012084F82C000020E4E710B50446EB
:103CF000FFF7A2F910BD70B504460D4694F82C00EC
:103D0000022800D170BD94F82C0001280AD10220AD
:103D100084F82C0029462068FEF7DBF8012084F89F
:103D20002C0001E00120EDE70020EBE72DE9F04158
:103D300004460E46174694F82C50022D02D102205C
:103D4000BDE8F081012D01D0052D12D1022084F8AB
:103D50002C003A4631462068FEF7C5F83068022844
:103D600003D1052084F82C0005E0012084F82C0004
:103D700001E00120E4E70020E2E700002DE9B04186
:103D800085B007460024002004900390804600BFC1
:103D90000090012104A805F08DFE9DF8100000F0B0
:103DA000010000B949E0012203A9F12005F054FE09
:103DB0000020009001226946F12005F0E3FE9DF805
:103DC000100000F0700070280BD09DF81000C0F3B8
:103DD0000012C0F380111B48FCF72AFBFEF7E0FA43
:103DE0002BE09DF80C0000F0020038B99DF80C1093
:103DF0001548FCF71DFBFEF7D3FA1EE0002407E090
:103E000001A801190122204605F026FE601CC4B25B
:103E1000052CF5DB9DF8080000F003052D020324B6
:103E200007E001A8005D4519012C00DD2D02601E90
:103E3000C4B2002CF5DC3D6000BF404605B0BDE8D3
:103E4000B0810000FCFC000844FD000838B5FF20EC
:103E500000903224234601226946034800F0D2F93B
:103E60009DF8000038BD0000EC3B002031B5002477
:103E700032252B4601226946044800F082FA0446A6
:103E800014B103A0FCF7D4FA38BD0000EC3B0020CD
:103E900020535049342053656E64204661696C6537
:103EA0006421200A0D00000010B504460CB9012061
:103EB00010BD606A38B96068B0F5827F00D105E056
:103EC0000021E16102E00021216161610021A16224
:103ED00094F8510028B9002084F85000204600F0E2
:103EE00047F8022084F851002068006820F0400064
:103EF00021680860A08800F48270218901F40441DF
:103F00000843A18901F400610843217C01F002010A
:103F10000843217D01F001010843218B01F4007168
:103F20000843217F01F0380108432021095D01F099
:103F300080010843218D01F4005108432168086085
:103F40000421A06901EA104094F8241001F0100146
:103F50000843216848602068C06920F40060216837
:103F6000C86100206065012084F8510000209FE7AF
:103F700010B586B00446142101A8FCF75CFC9649F4
:103F80002068884230D100BF00200090934800682C
:103F900040F48050914908600846006800F4805061
:103FA000009000BF00BF00BF002000908B48143875
:103FB000006840F00100894914390860084600682B
:103FC00000F00100009000BF00BFE020019002203F
:103FD000029000200390032004900520059001A981
:103FE0007F48FFF7A1F8F5E07E492068884233D189
:103FF00000BF002000907948001F006840F4804016
:104000007649091F08600846006800F48040009067
:1040100000BF00BF00BF0020009070481438006847
:1040200040F002006D49143908600846006800F04D
:104030000200009000BF00BF4FF4604001900220DA
:10404000029000200390032004900520059001A910
:104050006548FFF769F8BDE06449206888424FD1A0
:1040600000BF002000905D48001F006840F4004041
:104070005A49091F08600846006800F40040009093
:1040800000BF00BF00BF00200090544814380068F3
:1040900040F004005149143908600846006800F0F7
:1040A0000400009000BF00BF00BF00200090084641
:1040B000006840F0020008600846006800F0020056
:1040C000009000BF00BF88140190022002900020E1
:1040D0000390032004900620059001A94448FFF7AF
:1040E00023F8182001900220029000200390032062
:1040F00004900620059001A93B48FFF715F869E0F8
:104100003C492068884230D100BF002000903348ED
:10411000006840F40050314908600846006800F427
:104120000050009000BF00BF00BF002000902B484F
:104130001438006840F01000284914390860084617
:10414000006800F01000009000BF00BF64200190E4
:104150000220029000200390032004900520059087
:1041600001A92548FEF7E0FF34E024492068884291
:1041700030D100BF002000901848006840F4801043
:10418000164908600846006800F48010009000BFDF
:1041900000BF00BF0020009010481438006840F0B5
:1041A00020000E49143908600846006800F020001D
:1041B000009000BF00BF4FF4607001900220029099
:1041C00000200390032004900520059001A90C48CD
:1041D000FEF7AAFF06B010BD00300140443802408F
:1041E000000002400038004000040240003C004053
:1041F000000802400034014000100240005001401D
:10420000001402402DE9F8430446884616461D4630
:104210004FF0000994F85100012802D04FF0020934
:10422000A8E06068B0F5827F0DD1A06858B904207D
:1042300084F851003346424641462046009500F03E
:104240007EF9BDE8F88300BF94F85000012801D141
:104250000220F6E7012084F8500000BFFFF772F853
:104260000746B8F1000F00D016B94FF0010981E000
:10427000042084F8510000206065C4F83880A687C7
:10428000E6872063A086E08620646064A068B0F5BD
:10429000004F0BD12068006820F0400021680860C2
:1042A0002068006820F48040216808602068006869
:1042B00000F04000402805D02068006840F0400031
:1042C00021680860E06810BB1DE02068806800F08D
:1042D000010050B12068007BA16B0870A06B401CEE
:1042E000A063E08F401EE0870DE0FFF72BF8C01BB6
:1042F000A84201D3681C00B92DB94FF00309012071
:1043000084F8510036E0E08F0028DED121E01DE086
:104310002068806800F0010050B12068C068A16B7F
:104320000880A06B801CA063E08F401EE0870DE03A
:10433000FFF708F8C01BA84201D3681C00B92DB9CB
:104340004FF00309012084F8510013E0E08F0028AA
:10435000DED13A462946204602F02EF908B1202047
:104360006065606D10B14FF0010902E0012084F832
:10437000510000BF00BF002084F8500000BF484635
:104380005FE72DE9F84F0446884616461D464FF074
:10439000000A00BF94F85000012802D10220BDE8B5
:1043A000F88F012084F8500000BFFEF7CBFF0746CE
:1043B000B14694F85100012802D04FF0020AB7E04C
:1043C000B8F1000F00D016B94FF0010AB0E0032099
:1043D00084F8510000206065C4F83080A686E68627
:1043E000A063A087E08760642064A068B0F5004FF8
:1043F0000BD12068006820F0400021680860206828
:10440000006840F48040216808602068006800F07F
:104410004000402805D02068006840F04000216836
:104420000860E068B0F5006F32D1606810B1B9F192
:10443000010F09D1206B00882168C860206B801CA7
:104440002063E08E401EE0861EE02068806800F059
:10445000020002280AD1206B00882168C860206B06
:10446000801C2063E08E401EE0860DE0FEF76AFFB0
:10447000C01BA84201D3681C00B92DB94FF0030A34
:10448000012084F8510053E0E08E0028DDD131E0B6
:10449000606810B1B9F1010F09D1206B0078216873
:1044A0000873206B401C2063E08E401EE0861EE0F7
:1044B0002068806800F0020002280AD1206B007892
:1044C00021680873206B401C2063E08E401EE0864C
:1044D0000DE0FEF737FFC01BA84201D3681C00B9EE
:1044E0002DB94FF0030A012084F8510020E0E08E3E
:1044F0000028DDD13A462946204602F0A7F808B147
:1045000020206065A06850B900BF0020009020689E
:10451000C068009020688068009000BF00BF606D98
:1045200010B14FF0010A02E0012084F8510000BFF1
:1045300000BF002084F8500000BF50462FE72DE94F
:10454000FF5F0446884691461D460E9E012002905C
:104550000020019000BF94F85000012803D10220F0
:1045600004B0BDE8F09F012084F8500000BFFEF7C2
:10457000E9FE074694F851B060680390AA46BBF183
:10458000010F0BD00398B0F5827F04D1A06810B959
:10459000BBF1040F02D002200190E9E0B8F1000F56
:1045A00003D0B9F1000F00D015B901200190DFE070
:1045B00094F85100042802D0052084F8510000200E
:1045C0006065C4F83890E587A587C4F83080E58633
:1045D000A586206460642068006800F040004028E0
:1045E00005D02068006840F0400021680860E0685D
:1045F000B0F5006F4DD1606810B1BAF1010F09D16B
:10460000206B00882168C860206B801C2063E08ECE
:10461000401EE08636E02068806800F00200022834
:1046200010D1E08E70B1029801280BD1206B008868
:104630002168C860206B801C2063E08E401EE086ED
:10464000002002902068806800F0010068B1E08FCF
:1046500058B12068C068A16B0880A06B801CA06363
:10466000E08F401EE08701200290FEF76BFEC01B2A
:10467000B04207D3701C28B103200190012084F8B8
:10468000510075E0E08E0028C5D1E08F0028C2D12E
:104690004DE0606810B1BAF1010F09D1206B0078CC
:1046A00021680873206B401C2063E08E401EE0866A
:1046B00037E02068806800F00200022810D1E08E08
:1046C00070B1029801280BD1206B00782168087323
:1046D000206B401C2063E08E401EE086002002908C
:1046E0002068806800F0010068B1E08F58B1206850
:1046F000C068A16B0870A06B401CA063E08F401ED7
:10470000E08701200290FEF71DFEC01BB04201D3DE
:10471000701C00B92EB903200190012084F85100CB
:1047200026E0E08E0028C4D1E08F0028C1D13A46AF
:104730003146204601F08AFF20B10120019020205F
:10474000606515E0A06850B900BF002000902068A7
:10475000C068009020688068009000BF00BF606D56
:1047600010B10120019002E0012084F8510000BF47
:1047700000BF002084F8500000BF0198F0E670B53B
:1047800004462546681EB0F1807F01D301200FE06A
:10479000681E4FF0E02148610F214FF0FF3002F01A
:1047A0006DFD00204FF0E0218861072008610020A6
:1047B00070BD70477047000030B502460B4600BF21
:1047C00092F83C00012801D1022030BD012082F87E
:1047D0003C0000BF022082F83D0010684468106869
:1047E000816824F070041868044310684460184D10
:1047F0001068A8421BD01068B0F1804F17D0154D3B
:104800001068A84213D0144D1068A8420FD0134D61
:104810001068A8420BD0124D1068A84207D0114D65
:104820001068A84203D0104D1068A84205D121F0AD
:1048300080015868014310688160012082F83D00C2
:1048400000BF002082F83C0000BF00BFBDE70000B1
:10485000000001400004004000080040000C00403F
:1048600000040140004001400018004010B504461B
:104870000CB9012010BD94F83D0028B9002084F83F
:104880003C00204600F026F8022084F83D00211D5F
:10489000206802F06DF8012084F8460000BF84F81B
:1048A0003E0001213F200155402001554120015586
:1048B00000BF00BF012084F842004320015544207E
:1048C00001554520015500BF012084F83D0000201E
:1048D000D0E7000010B586B00446142101A8FBF70C
:1048E000AAFF3B49206888420FD100BF00200090FA
:1048F0003848006840F00100364908600846006802
:1049000000F00100009000BF5FE03349206888425A
:1049100031D100BF002000902E48001F006840F0F9
:1049200002002C49091F08600846006800F00200D8
:10493000009000BF00BF00BF002000902548143841
:10494000006840F0040023491439086008460068F4
:1049500000F00400009000BF00BF48150190022045
:1049600002900020039004900220059001A91B48AA
:10497000FEF7DAFB29E01A492068884211D100BF0E
:10498000002000901348001F006840F00400114907
:10499000091F08600846006800F00400009000BF8E
:1049A00013E01049206888420FD100BF002000901A
:1049B0000848006840F002000649086008460068A0
:1049C00000F00200009000BF00BF06B010BD000064
:1049D000000001404438024000040040000802404A
:1049E0000008004000040140014691F83D00012804
:1049F00001D001207047022081F83D000868C0689E
:104A000040F001000B68D8601A4B086898421BD030
:104A10000868B0F1804F17D0174B0868984213D040
:104A2000164B086898420FD0154B086898420BD077
:104A3000144B0868984207D0134B0868984203D07B
:104A4000124B086898420CD10868806800F0070291
:104A5000062A0CD00868006840F001000B68186056
:104A600005E00868006840F001000B68186000204D
:104A7000C0E70000000001400004004000080040C2
:104A8000000C0040000401400040014000180040BC
:104A90002DE9F04104460D46002700BF94F83C0084
:104AA000012802D10220BDE8F081012084F83C00F9
:104AB00000BF022084F83D002068866826F0770653
:104AC00026F47F46206886602868502833D00CDCA6
:104AD000202850D004DC00284BD0102851D149E0C8
:104AE000302849D040284CD139E060282DD070289A
:104AF00007D0B0F5805F03D0B0F5005F41D10DE085
:104B000041E0D5E902136A68206801F0A5FF20683A
:104B1000866846F077062068866034E0D5E902139F
:104B20006A68206801F098FF2068806840F480403F
:104B30002168886027E0EA686968206801F0A0FFC2
:104B40005021206801F093FF1DE0EA686968206841
:104B500001F0A9FF6021206801F089FF13E0EA68F5
:104B60006968206801F08CFF4021206801F07FFF18
:104B700009E000BF00BF00BF2968206801F077FF8F
:104B800001E0012700BF00BF012084F83D0000BF05
:104B9000002084F83C0000BF384684E7704770B5B9
:104BA00004462068C5682068066906F002000228ED
:104BB00019D105F00200022815D1401F21680861B3
:104BC000012020772068806900F0030018B120469A
:104BD000FFF7E4FF05E0204600F097F8204600F0DC
:104BE00095F80020207706F00400042819D105F07C
:104BF0000400042815D1C0432168086102202077F1
:104C00002068806900F4407018B12046FFF7C6FFA5
:104C100005E0204600F079F8204600F077F8002003
:104C2000207706F00800082819D105F008000828A8
:104C300015D1C04321680861042020772068C0692D
:104C400000F0030018B12046FFF7A8FF05E020465A
:104C500000F05BF8204600F059F80020207706F0BD
:104C60001000102819D105F01000102815D1C043EC
:104C700021680861082020772068C06900F440702E
:104C800018B12046FFF78AFF05E0204600F03DF806
:104C9000204600F03BF80020207706F0010048B1E4
:104CA00005F0010030B16FF0010021680861204675
:104CB00000F02EF806F08000802809D105F0800071
:104CC000802805D1C043216808612046FFF771FDA7
:104CD00006F04000402809D105F04000402805D1E9
:104CE000C04321680861204600F0D6F806F0200095
:104CF000202809D105F02000202805D1C0432168D3
:104D000008612046FFF756FD70BD704770470000F0
:104D100010B504464C4884427ED14C480068401C83
:104D20004A4908604A4800684A49884205D24848CA
:104D30000068401C4649086008E0002044490860BB
:104D4000486045480078401C434908704048006866
:104D50006421B0FBF1F201FB120038BB3C48006853
:104D600020B33B484068401C394948603A48007BC2
:104D7000142804DB012038494873002008733748A1
:104D8000407801280DD13548C078401C3349C8709F
:104D90000846C0780A2804DB0020C870487001204B
:104DA00088702D48007B401C2B4908732C480068F4
:104DB0002849884204D3002029490860294908600D
:104DC0002748006827490968401A322809D324482F
:104DD0000068244908602048807B012801D11E49D1
:104DE00088601F480068401C1D49086018484068DA
:104DF0004FF47A71B0FBF1F201FB120010BB1448C2
:104E00004068F8B11248406817490968401A19D03B
:104E100001201149487000E004E00D484068124943
:104E200008600FE01148844207D111480068401C17
:104E30000F49086001F096FE04E0054841680DA0A6
:104E4000FBF7F6FA10BD0000E43C002098000020BB
:104E5000EC420020002A7515004300208843002002
:104E60005C04002060040020580400202C3D002039
:104E70009C0000202564206D7320556E6B6E6F774B
:104E80006E2054494D455220496E74657275707498
:104E900021200D0A00000000704770477047000095
:104EA0002DE9F84F0446206805682068C668206828
:104EB00047694FF00009CA4605F00F09B9F1000F24
:104EC0000AD105F0200038B106F0200020B12046BC
:104ED00001F0F8FEBDE8F88FB9F1000F7CD007F0C3
:104EE000010018B906F49070002875D005F0010093
:104EF00030B106F4807018B1606C40F0010060645D
:104F000005F0040030B107F0010018B1606C40F00A
:104F10000200606405F0020030B107F0010018B132
:104F2000606C40F00400606405F0080048B106F0D1
:104F3000200010B907F0010018B1606C40F00800C3
:104F40006064606C002846D005F0200028B106F0AF
:104F5000200010B1204601F0B5FE20684069C0F382
:104F6000801A606C00F0080010B9BAF1000F2DD063
:104F7000204601F061FE2068406900F040004028B2
:104F800020D100BF00BF2168143151E8001F21F07B
:104F900040002168143141E80002002AF3D100BF2B
:104FA000E06B50B17748E16B0865E06BFEF701F804
:104FB00088B1E06B016D88470DE02046FFF76EFF7A
:104FC00009E009E02046FFF769FF04E02046FFF70B
:104FD00065FF002060647DE7206B012878D105F033
:104FE0001000002874D006F010000028FAD000BF8E
:104FF00000200090206800680090206840680090C1
:1050000000BF00BF2068406900F04000402860D128
:10501000E06B006840681FFA80F8B8F1000F56D0C6
:10502000A08D404553DDA4F82E80E06BC069B0F53B
:10503000807F43D000BF00BF21680C3151E8001FC2
:1050400021F4807021680C3141E80002002AF3D17C
:1050500000BF00BF00BF2168143151E8001F21F0DC
:1050600001002168143141E80002002AF3D100BF99
:1050700000BF00BF2168143151E8001F21F040003B
:105080002168143141E80002002AF3D100BF20203A
:1050900084F842000020206300BF00BF21680C316B
:1050A00051E8001F21F0100021680C3141E8000296
:1050B000002AF3D100BFE06BFDF725FF02206063FB
:1050C000A08DE28D801A81B22046FFF7E6FE01E74F
:1050D00042E0A08DE18D401A1FFA80F8E08DD0B338
:1050E000B8F1000F37D000BF00BF21680C3151E884
:1050F000001F21F4907021680C3141E80002002A61
:10510000F3D100BF00BF00BF2168143151E8001F78
:1051100021F001002168143141E80002002AF3D196
:1051200000BF202084F842000020206300BF00BFA1
:1051300021680C3151E8001F21F0100021680C316A
:1051400041E80002002AF3D100BF0220606341461B
:105150002046FFF7A2FEBDE605F0800030B106F064
:10516000800018B1204601F061FFB3E605F0400071
:1051700030B106F0400018B1204601F093FDA9E6D9
:1051800000BFA7E6256C000810B504460CB9012045
:1051900010BDA06900B100E000BF94F8410028B93B
:1051A000002084F84000204600F02AF8242084F8EB
:1051B00041002068C06820F400502168C860204683
:1051C00001F0FEFD2068006920F49040216808612C
:1051D0002068406920F02A00216848612068C06882
:1051E00040F400502168C86000206064202084F8EA
:1051F000410084F842000020606300BFC8E700005F
:1052000010B586B00446142101A8FBF714FB97499A
:105210002068884231D100BF002000909448006887
:1052200040F40020924908600846006800F400201D
:10523000009000BF00BF00BF002000908C481038D5
:10524000006840F004008A49103908600846006888
:1052500000F00400009000BF00BF4FF440600190D8
:105260000220029000200390032004900820059063
:1052700001A98048FDF758FFF5E07F492068884282
:1052800033D100BF002000907948001D006840F035
:1052900010007749091D08600846006800F01000FA
:1052A000009000BF00BF00BF002000907048103881
:1052B000006840F001006E49103908600846006837
:1052C00000F00100009000BF00BF4FF4C0600190EB
:1052D00002200290002003900320049007200590F4
:1052E00001A96648FDF720FFBDE0654920688842B6
:1052F0004DD100BF002000905D48006840F40030B0
:105300005B4908600846006800F40030009000BF68
:1053100000BF00BF0020009055481038006840F0E2
:1053200001005349103908600846006800F0010088
:10533000009000BF00BF00BF00200090084600683A
:1053400040F0080008600846006800F0080000907F
:1053500000BF00BF042001900220029000200390B3
:10536000032004900720059001A94448FDF7DCFEC6
:10537000402001900220029000200390032004901E
:105380000720059001A93F48FDF7CEFE6BE03E499E
:105390002068884231D100BF002000903448006866
:1053A00040F48020324908600846006800F48020FC
:1053B000009000BF00BF00BF002000902C481038B4
:1053C000006840F002002A49103908600846006869
:1053D00000F00200009000BF00BF4FF44060019059
:1053E00002200290002003900320049007200590E3
:1053F00001A92648FDF798FE35E025492068884236
:1054000031D100BF002000901948001D006840F015
:1054100020001749091D08600846006800F02000B8
:10542000009000BF00BF00BF00200090104810385F
:10543000006840F004000E49103908600846006812
:1054400000F00400009000BF00BFC02001900220C7
:10545000029000200390032004900820059001A9E9
:105460000448FDF761FE06B010BD0000004C00408E
:105470004038024000080240001001400000024095
:1054800000440040000C024000480040000402407C
:105490000014014070B504460D46164694F84200CB
:1054A00020280BD105B10EB9012070BD002020636A
:1054B00032462946204601F099FDF6E70220F4E73E
:1054C00010B50E4A0168914217D101210C4A517062
:1054D0001146C978491CD17002685268D3B2084A93
:1054E00011784A1C064C2270064A5354214609780A
:1054F0007F2902DB00212246117010BD00140140FB
:1055000088430020A03F0020704700BFFEE7000056
:1055100010B500200F4908600F48006820F4406073
:105520000D4908600846006840F48060086000206B
:105530000A49C1F894020220FDF764FD01200549E3
:1055400008600220FDF75EFD00200449C1F89002CA
:1055500010BD000090824342001C02400080434284
:105560001CB50B48006840F0800009490860012024
:10557000022100230246CDE9001030210548FCF746
:1055800027FD0120044908600449C1F894021CBDAC
:1055900030380240001C0240908243420080434267
:1055A00010B500200F4908600F48006820F44060E3
:1055B0000D4908600846006840F4806008600120DA
:1055C0000A49C1F894020220FDF71CFD012005499B
:1055D00008600220FDF716FD00200449C1F8900282
:1055E00010BD000090824342001C024000804342F4
:1055F00070B5054600241648006820F44060144940
:105600000860084600680860002616E0002011497E
:1056100008600220FDF7F6FC01200F49C1F8900256
:105620006006040E0B487C38006808B1601CC4B2E8
:105630000120FDF7E7FC701CC6B2082EE6DB15B9A9
:10564000FFF7AEFF01E0FFF763FF204670BD0000EB
:10565000001C0240908243420080434270B50446E1
:105660001548006820F44060134908600846006847
:1056700040F480600860002010490860002517E0B1
:10568000E0090E49091D08606006040E0220FDF7BE
:10569000B9FC01200A49C1F890020220FDF7B2FCD2
:1056A0000020064908600220FDF7ACFC681CC5B26A
:1056B000082DE5DB70BD0000001C024090824342D3
:1056C0000080434210B50F48006820F440600D4947
:1056D00008600846006840F48060086001200A49BC
:1056E00008600A49C1F890020420FDF78BFC0020F5
:1056F000054908600420FDF785FC00200349C1F836
:10570000900210BD001C024094824342008043423C
:1057100010B50F48006820F440600D490860084645
:10572000006840F48060086000200A4908600A4967
:10573000C1F894020420FDF765FC012005490860CA
:105740000549C1F894020420FDF75CFC10BD00007F
:10575000001C0240908243420080434210B5002466
:105760001348006820F4406011490860084600684A
:10577000086001200F490860FDF744FC01200E4934
:10578000C1F89002FDF73EFC07E0601CC4B2FA2CA1
:1057900003DDFFF7BDFF012010BD0648803800681B
:1057A0000028F2D10349091F086000BFF4E7000098
:1057B000001C0240948243420080434200B58BB0FB
:1057C0001C481D4908600620486000211A48816075
:1057D000C1604FF400210161C900416100210176DF
:1057E00041768176C17601774177FDF755F908B1A9
:1057F000FCF736FB0020069007900120089000205F
:105800000290039004900590012009900E200A90C8
:1058100001A90948FCF790FE0748FDF73EFB10B1CF
:1058200006A0FAF705FE02210348FCF7CBFD0BB0FA
:1058300000BD000000640040403A002043414E316A
:10584000205374617274204661696C6564210A0D8D
:105850000000000000B58BB01C481D490860062000
:10586000486000211A488160C1604FF40021016145
:10587000C90041610021017641768176C1760177C8
:105880004177FDF709F908B1FCF7EAFA0E20069016
:1058900000200790012008900020029003900490BF
:1058A0000590012009901C200A9001A90848FCF7E6
:1058B00043FE0748FDF7F1FA10B106A0FAF7B8FD6C
:1058C00002210348FCF77EFD0BB000BD00680040DC
:1058D000683A002043414E3220537461727420466E
:1058E00061696C6564210A0D0000000000B587B095
:1058F0001C216846FAF79FFF1B481C4908600020DE
:1059000048600121194881600821C16010210161AE
:10591000402141614FF4C07181610021C1614FF4A8
:1059200000610162490041624900816202200090E9
:105930000820019006200290039004200490022089
:105940000590069069460948FEF7B0F908B1FCF7E2
:1059500087FA064800F0CCFD40F2AB210348FEF781
:10596000CAF907B000BD0000400100A06C3F002054
:1059700000B587B0142102A8FAF75DFF00BF002030
:105980000190B048006840F01000AE490860084639
:10599000006800F01000019000BF00BF00BF0020B1
:1059A00001900846006840F480700860084600686E
:1059B00000F48070019000BF00BF00BF0020019084
:1059C0000846006840F0200008600846006800F0C3
:1059D0002000019000BF00BF00BF002001900846DA
:1059E000006840F0800008600846006800F0800011
:1059F000019000BF00BF00BF002001900846006872
:105A000040F0040008600846006800F004000190BF
:105A100000BF00BF00BF002001900846006840F0B2
:105A2000010008600846006800F00100019000BF16
:105A300000BF00BF002001900846006840F002004F
:105A400008600846006800F00200019000BF00BF37
:105A500000BF002001900846006840F04000086048
:105A60000846006800F04000019000BF00BF00BF82
:105A7000002001900846006840F0080008600846D1
:105A8000006800F00800019000BF00BF012218214B
:105A90006D48FDF751FC002240216C48FDF74CFC9D
:105AA00000224FF481716A48FDF746FC002248F25B
:105AB00012016848FDF740FC012204216648FDF709
:105AC0003BFC002241F203016448FDF735FC002253
:105AD0007A216348FDF730FC00224FF48061614871
:105AE000FDF72AFC01224FF440715C48FDF724FCCD
:105AF00018200290012003900020049003200590BC
:105B000002A95148FDF710FB40F604000290002066
:105B10000390049002A95248FDF706FB4020029032
:105B200001200390002004900320059002A947481B
:105B3000FDF7FAFA4FF481700290012003900020E3
:105B400004900320059002A94148FDF7EDFA48F2C0
:105B50001200029001200390002004900320059081
:105B600002A93C48FDF7E0FA0420029001200390CE
:105B7000002004900320059002A93748FDF7D4FACD
:105B800041F20300029001200390002004900320C2
:105B9000059002A93148FDF7C7FA7A20029001204A
:105BA0000390002004900320059002A92C48FDF7E3
:105BB000BBFA4FF480600290012003900020049013
:105BC0000320059002A92748FDF7AEFA4FF4407074
:105BD00002900120039004900320059002A91F4821
:105BE000FDF7A2FA012210211748FDF7A5FB0122BB
:105BF00011031A48FDF7A0FB012240211348FDF7CD
:105C00009BFB012248F210011248FDF795FB01228F
:105C100010211348FDF790FB012202211048FDF7E7
:105C20008BFB002208210E48FDF786FB0022022193
:105C30000748FDF781FB012202210648FDF77CFBA6
:105C400007B000BD3038024000100240001402408E
:105C50000008024000000240001C02400004024014
:105C6000002002400018024010B503220221142037
:105C7000FDF7F6FB1420FDF7DFFB002201211D20BC
:105C8000FDF7EEFB1D20FDF7D7FB012202211E20B0
:105C9000FDF7E6FB1E20FDF7CFFB00220321472086
:105CA000FDF7DEFB4720FDF7C7FB0222114640202F
:105CB000FDF7D6FB4020FDF7BFFB10BD10B50E4829
:105CC0000E4908604FF48270486000210B488160E3
:105CD000C160016141614FF4007181611021C161B6
:105CE00000210162416281620A21C162FEF7DCF893
:105CF00008B1FCF7B5F810BD00300140E43A0020CF
:105D000010B50E480E4908604FF4827048600021BB
:105D10000B488160C160016141614FF40071816194
:105D20000821C16100210162416281620A21C162D0
:105D3000FEF7BAF808B1FCF793F810BD0038004040
:105D40003C3B002010B50E480E4908604FF48270AD
:105D5000486000210B488160C160016141614FF4DE
:105D6000007181610021C1610162416281620A2189
:105D7000C162FEF799F808B1FCF772F810BD000097
:105D800000340140EC3B002000B587B000200390B8
:105D900004900590069001900290154815490860FE
:105DA000002048600021134881604FF6FF71C160F8
:105DB0000021016141618161FEF758FD08B1FCF7E6
:105DC0004FF84FF48050039003A90A48FEF760FE95
:105DD00008B1FCF745F800200190029001A90548A0
:105DE000FEF7EAFC08B1FCF73BF807B000BD000085
:105DF000000001409C3C002000B587B000200390CB
:105E0000049005900690019002901448144908608F
:105E1000592048600021124881600921C160002199
:105E200001618161FEF722FD08B1FCF719F84FF41A
:105E30008050039003A90A48FEF72AFE08B1FCF738
:105E40000FF800200190029001A90548FEF7B4FC6C
:105E500008B1FCF705F807B000BD000000040040E1
:105E6000E43C002000B587B000200390049005902A
:105E7000069001900290144814490860B3204860CD
:105E80000021124881600921C16000210161816106
:105E9000FEF7ECFC08B1FBF7E3FF4FF480500390F2
:105EA00003A90A48FEF7F4FD08B1FBF7D9FF00206B
:105EB0000190029001A90548FEF77EFC08B1FBF7AE
:105EC000CFFF07B000BD0000000800402C3D0020BF
:105ED00010B50A480A4908600A4848600021084885
:105EE0008160C16001610C21416100218161C1615A
:105EF000FFF74AF908B1FBF7B3FF10BD004C0040B3
:105F0000043E002020A1070010B50A480A49086095
:105F10000A484860002108488160C16001610C2185
:105F2000416100218161C161FFF72EF908B1FBF7E2
:105F300097FF10BD001001404C3E002020A107003B
:105F400010B50D480D4908604FF4E130486000215C
:105F50000A488160C16001610C21416100218161B9
:105F6000C161FFF711F908B1FBF77AFF012204497B
:105F70000248FFF78FFA10BD00140140243F0020B3
:105F80002040002000BFFEE700BFFEE770B50446DA
:105F90000D461646204607F0DBFF002070BD70B5A9
:105FA00004460D461646204603F0A0FB204603F0AB
:105FB00055FB002070BD70B504460D4616462046C0
:105FC00003F05CFF204603F015FF002070BD30B5E4
:105FD00003460C46D3F80802007860B9002106E0B9
:105FE0000020D3F80C5245F82100481CC1B293F8A8
:105FF00005028842F4DC002030BD70B505460C4631
:106000004FF0FF3004EBC402A96801EB4201488065
:10601000002004EBC402A96801EB4201C880E1B290
:10602000284607F0CFFA70BD70B505460C464FF014
:10603000FF3004EBC402A96801EB4201888004EB45
:10604000C401A86810F8110020F0010004EBC4029C
:10605000A96801F81200E1B2284607F0B3FA70BD52
:106060002DE9FC4104464FF4C05660690589A069DA
:106070000789C5B115E06B4601AA3146204607F0F5
:1060800064FA019840B9009830B10A4800998860D4
:106090000099C86000994861701C86B2681C85B27E
:1060A00000BFBD42E7DD0021204601F0B9F9BDE89F
:1060B000FC810000CF6A00082DE9F041044600256C
:1060C00060690689A069078986B32DE005EBC502E2
:1060D000A16801EB4201B1F90200FBF725FE05EBD7
:1060E000C502A16801EB4201488005EBC502A16829
:1060F00001EB4201B1F90400FBF716FE05EBC50206
:10610000A16801EB42018880002005EBC502A1686F
:1061100001F8120005EBC502A16801EB4201C8803D
:10612000681CC5B2701C86B2BE42CFDDBDE8F081EE
:106130009FED0A0A80ED090A9FED080A80ED0B0A1F
:106140009FED060A80ED0C0A9FED040A80ED0A0A15
:106150009FED020A80ED0D0A70470000000000006C
:106160007047FEB504460E46D4F8A4000088A8B1D6
:106170002068007800F5E065ADF8005001208DF84A
:10618000030000208DF8020094F878008DF80400D8
:106190006946D4F8E00101F095FF05E0B4F9A800E4
:1061A000FBF7C2FDA4F8A800FEBD2DE9FC410646A0
:1061B0000F4614461D466B4601AA3946304607F085
:1061C000C4F98046019840B9009830B198F80400AD
:1061D000A04202DD009840F824500198BDE8FC81FF
:1061E0002DE9FC4104460D46606946885EB105EB29
:1061F000850104F1280000EB011000783044A1690A
:106200004988884201DDBDE8FC8105EB850204F187
:10621000280000EB021000783044616851F830002B
:10622000C06A077805EB850304F1280000EB031032
:10623000827A05EB850304F1280000EB0310018945
:1062400033A0FAF7F5F8002340A241F6012149A056
:10625000FAF7EEF84FF0FF3105EB850204F1280064
:1062600000EB0210A0F84A10852105EB850204F12D
:10627000280000EB02108170424905EB850204F111
:10628000280000EB0210807A05EB850CCDE90001B7
:1062900004F1280000EB0C10038905EB850C04F1D8
:1062A000280000EB0C10027805EB850C04F12800A7
:1062B00000EB0C104178204607F0E0FA314905EB7D
:1062C000850204F1280000EB0210416005EB850116
:1062D00004F1280000EB0110C06C48B105EB85010A
:1062E00004F1280000EB01103946C26C20469047AB
:1062F00005EB850104F1280000EB011040682149FD
:10630000884203D1E9B2204607F0F5F800BF7AE7EA
:1063100043414E4F70656E3A2053444F41626F7255
:1063200074204F636375722120496E64657820691B
:106330007320307825782C20737562496E646578F7
:1063400020697320307825780D0A000053444F20CF
:1063500074696D656F75742E2053444F2072657398
:10636000706F6E7365206E6F7420726563656976F9
:1063700065642E00307825782025732030782578C4
:106380000A0D0000000004052DE9FF4104460D46FA
:1063900005EB850104F1280000EB0110C06868B925
:1063A00005EB850104F1280000EB011005EB8502E7
:1063B000016904F1280000EB0210C16005EB8501C2
:1063C00004F1280000EB0110C0680390012003AA2B
:1063D000CDE9002005EB8507029004F1280000EBD1
:1063E000071000F1140305EB850704F1280000EB0A
:1063F0000710827A05EB850704F1280000EB0710EF
:106400000189204601F018F906461EB1304604B055
:10641000BDE8F0810020FAE72DE9F04704460D467B
:106420001646984605EB850104F1280000EB0110A3
:1064300000693044202809D933461AA241F61521B3
:1064400027A0F9F7F5FFFF20BDE8F08705EB8501F0
:1064500004F1280000EB0110D0F8109000270DE0A7
:1064600018F8071005EB850204F1280000EB021074
:10647000143009EB07028154781CC7B2B742EFD33E
:1064800005EB850104F1280000EB0110006981197A
:1064900005EB850204F1280000EB021001610020E9
:1064A000D2E7000053444F2053697A65206F66207D
:1064B0006461746120746F6F206C617267652E2057
:1064C0004578636565642053444F5F4D41585F4C88
:1064D000454E4754485F5452414E53464552000082
:1064E0003078257820257320307825780A0D000033
:1064F00070B505460024002301221146184600F01D
:1065000019F84FF4FA70FCF77DFD002301220221F7
:10651000184600F00FF8002308220321184600F067
:1065200009F84FF40C74234601220421002000F0E6
:1065300001F870BD2DE9FF4104460D4616461F4681
:106540004FF0000814B94FF0100803E0012C01D1FE
:106550004FF008080095CDF80480029603974FF499
:10656000805269460448FDF7E1FB18B9002004B0E9
:10657000BDE8F0810120FAE76C3F002010B5012250
:1065800010210248FCF7D8FE10BD000000100240A8
:1065900010B5002210210248FCF7CEFE10BD00000D
:1065A00000100240012080F3108800BF70470020D7
:1065B00080F3108800BF7047F8B504460E461546B4
:1065C0006068B0F5827F0DD1A068B0F5004F03D0B0
:1065D000A068B0F5806F05D12068006820F0400009
:1065E000216808606068B0F5827F1FD1A068B0F5AF
:1065F000806F0DD03346002280212046009500F0A8
:1066000069F808B3606D40F0200060650320F8BDB4
:106610003346002201212046009500F05BF898B136
:10662000606D40F0200060650320F0E733460022F3
:1066300001212046009500F04DF828B1606D40F032
:10664000200060650320E2E70020E0E77CB5044617
:106650000E4615463346012202212046009500F0E1
:1066600039F828B1606D40F02000606503207CBDE2
:10667000164800681821B0FBF1F01549B0FBF1F0A5
:106680004FF47A71484301906068B0F5827F0DD174
:106690003346002280212046009500F01BF898B177
:1066A000606D40F0200060650320E0E700BF0198C6
:1066B00000B908E00198401E019020688068C0F38E
:1066C000C0100028F3D100BF0020D0E71800002040
:1066D00040420F002DE9F84F04460D4690461E46F5
:1066E000DDF82890FCF72EFEA0EB0900371AFCF726
:1066F00029FE82462C480068C0F3CB3078430090D6
:1067000045E0701C002842D0FCF71CFEA0EB0A00FC
:10671000B84200D2A7BB2068406820F0E0002168A2
:1067200048606068B0F5827F0DD1A068B0F5004F79
:1067300003D0A068B0F5806F05D12068006820F014
:10674000400021680860A06AB0F5005F0DD100BF6D
:106750002068006820F40050216808602068006804
:1067600040F400502168086000BF012084F8510007
:1067700000BF002084F8500000BF0320BDE8F88F60
:10678000FFE7009800B900270098401E009020689D
:1067900080682840A84201D1012000E00020404547
:1067A000AFD10020EAE70000180000207047000089
:1067B0002DE9F05F82468B46914698460026264C8E
:1067C0003FE0B9F1000F39D02078B0BB2348B0F9D1
:1067D0000000401C864205D120480088401C00B2C1
:1067E0001E49088002F094FD05464746B7F57A7FBA
:1067F00001D2384601E04FF47A7007461848006825
:10680000A8420AD916480068401BB84205D9E819C1
:1068100013490860384607F0BDFAC4F80890C4F878
:1068200004A0C4F80CB008EB050020610A98606170
:10683000012020703046BDE8F09FFFE7701C06B2D3
:1068400018340648B0F90000401C864201DC082ECE
:10685000B7DB4FF0FF30EEE7245100207804002032
:106860007404002070B504460D46204607F02FF84A
:1068700070BD10B5FCF76CFD10BD000000B593B005
:10688000302107A8F9F7D7FF142102A8F9F7D3FFA1
:1068900000BF002001902748006840F08050254943
:1068A00008600846006800F08050019000BF00BFFB
:1068B00000BF002001902048006820F4404040F4D0
:1068C00080401D4908600846006800F4404001907F
:1068D00000BF00BF012007900004089002200D9027
:1068E00041050E9119210F914FF4B47110910221BD
:1068F00011910421129107A8FCF78AFF08B1FBF758
:10690000AFFAFCF7FFFD08B1FBF7AAFA0F200290DF
:106910000220039080200490400105900020069002
:10692000022102A8FCF734FE08B1FBF799FA13B074
:1069300000BD00004038024000700040034800687D
:1069400040F47000014908607047000088ED00E0E5
:1069500010B50248FEF723F910BD0000E43C00200A
:1069600010B50248FEF71BF910BD00002C3D0020B9
:1069700010B502682D4B98420ED0B0F1804F0BD06D
:106980002B4B984208D02B4B984205D02A4B98426B
:1069900002D02A4B984203D122F070024B681A436E
:1069A000224B984220D0B0F1804F1DD0204B98420E
:1069B0001AD0204B984217D01F4B984214D01F4B2F
:1069C000984211D01E4B98420ED01E4B98420BD0CD
:1069D0001D4B984208D01D4B984205D01C4B984245
:1069E00002D01C4B984203D122F44072CB681A4368
:1069F00022F080034C6943EA040202608B68C362A0
:106A00000B688362094B984202D00C4B984201D12B
:106A10000B69036301234361036903F001031BB1A5
:106A2000036923F00103036110BD00000000014071
:106A30000004004000080040000C00400004014039
:106A4000004001400044014000480140001800405F
:106A5000001C00400020004030B50C46816821F445
:106A60007F4142EA032525432943816030BD0A4620
:106A7000816821F0700142F007031943816070477B
:106A800030B50B461446026A056A25F00105056219
:106A9000816921F0F00141EA041122F00A021A434F
:106AA0008161026230BD30B50B461446026A056A48
:106AB00025F010050562816921F4704141EA043135
:106AC00022F0A00242EA03128161026230BD2DE988
:106AD000F04104460E4617467E20005DE0B3022FCB
:106AE00004D0032F03D0052F37D101E000BF00BF32
:106AF00061690989606800EBC108A6EB0800C0F372
:106B0000C70505EBC502A16801EB4201B1F902001E
:106B1000FBF70AF905EBC502A16801EB42014880C9
:106B200005EBC502A16801EB4201B1F90400FBF7D6
:106B3000FBF805EBC502A16801EB4201888000204B
:106B400005EBC502A16801F8120029462046FFF7AF
:106B500054FA0020BDE8F08101E000BF00BF002032
:106B6000F8E700002DE9F0414FF47A7602F0D0FB0F
:106B700007462948006800EB07080025274C25E058
:106B8000207800F00100F0B12069404513D8606919
:106B900010B90220207016E06069B7FBF0F100FB2D
:106BA00011706169081A2061032020702069B042C9
:106BB00009D2266907E02069A0EB0800206120695E
:106BC000B04200D22669681C05B218341448B0F9E6
:106BD00000008542D4DD10480660304607F0DAF840
:106BE00000250E4C10E0207800F0020048B120781B
:106BF00020F002002070A06818B1D4E9022160687A
:106C00009047681C05B218340548B0F90000854269
:106C1000E9DDBDE8F081000074040020245100206B
:106C20007804002070B50546AC6B0020E085E08458
:106C30002046FEF733F970BD00BF00BF02680C327A
:106C400052E8002F22F4907102680C3242E80013DF
:106C5000002BF3D100BF00BF00BF0268143252E81E
:106C6000002F22F001010268143242E80013002BC9
:106C7000F3D100BF016B01290ED100BF00BF026834
:106C80000C3252E8002F22F0100102680C3242E868
:106C90000013002BF3D100BF202180F84210002107
:106CA0000163704710B504462068C06820F04000BA
:106CB0002168C860202084F841002046FEF724FCAB
:106CC000002010BDF8B5044694F84200222875D182
:106CD000A068B0F5805F0CD1206950B90025A66A84
:106CE00020684068C0F308003080A06A801CA06261
:106CF00015E0A56A0026A068B0F5805F03D0A06803
:106D000028B9206918B920684068287004E0206814
:106D1000406800F07F002870A06A401CA062E08DEF
:106D2000401E80B2E085002846D12068C06820F06F
:106D300020002168C8602068C06820F48070216845
:106D4000C8602068406920F0010021684861202067
:106D500084F8420000206063206B012826D10020C7
:106D6000206300BF00BF21680C3151E8001F21F0F3
:106D7000100021680C3141E80002002AF3D100BF65
:106D80002068006800F0100010280AD100BF002021
:106D9000009020680068009020684068009000BF64
:106DA00000BFA18D2046FEF778F802E02046FEF7EE
:106DB00087FB0020F8BD01E00020FBE70220F9E797
:106DC0002DE9F84F04462068006920F44050E1683E
:106DD0000843216808612169A06808436169084384
:106DE000E169084300902068C06849F20C6188435B
:106DF000009908432168C8602068406920F4407009
:106E0000A16908432168486176492068884203D017
:106E100075492068884203D1FCF792FC814602E064
:106E2000FCF77EFC8146E069B0F5004F6CD1022092
:106E30006168A0FB015003461920A9FB00700146C0
:106E40002A463846F9F759FA6421B0FBF1F04FEAC7
:106E5000001A02206168A0FB01510B461920A9FB12
:106E600000712A463846F9F748FA834602206168DD
:106E7000A0FB015003461920A9FB00712A463846A1
:106E8000F9F73BFA6421B0FBF1F000EBC00101EB34
:106E90000010ABEB8000322101EBC0006421B0FB9D
:106EA000F1F000F0F8000AEB400A02206168A0FB54
:106EB000015003461920A9FB007001462A463846B6
:106EC000F9F71BFA834602206168A0FB01500346D4
:106ED0001920A9FB00712A463846F9F70EFA6421F9
:106EE000B0FBF1F000EBC00101EB0010ABEB800058
:106EF000322101EBC0006421B0FBF1F000F007008B
:106F00005044216888606AE004206168A0FB015059
:106F100003461920A9FB007001462A463846F9F7B6
:106F2000ECF9824604206168A0FB01500346192059
:106F3000A9FB007001462A463846F9F7DEF96421BC
:106F4000B0FBF1F000EBC00101EB0010AAEB8000F8
:106F5000322101EB00106421B0FBF1F000F0F00AE7
:106F600004206168A0FB017003461920A9FB0051B1
:106F70003A462846F9F7C1F96421B0FBF1F00AEB73
:106F8000001A04206168A0FB01510B461920A9FBDF
:106F900000712A463846F9F7B0F983460420616843
:106FA000A0FB015003461920A9FB007001462A46A8
:106FB0003846F9F7A2F96421B0FBF1F000EBC0010B
:106FC00001EB0010ABEB8000322101EB00106421DB
:106FD000B0FBF1F000F00F00504421688860BDE87C
:106FE000F88F0000001001400014014010B5034666
:106FF00099629A85DA8500205864222083F842003D
:10700000186928B11868C06840F480701C68E06096
:107010001868406940F001001C6860611868C06829
:1070200040F020001C68E060002010BD014691F88F
:107030004100212828D18868B0F5805F0BD108690C
:1070400048B90A6A1088C0F308000B685860086ADB
:10705000801C086205E00B6A581C086218780B68EF
:107060005860C88C401E80B2C88458B90868C0688F
:1070700020F080000B68D8600868C06840F04000CD
:107080000B68D860002070470220FCE710B502486A
:10709000FDF706FF10BD0000243F002000BFFEE703
:1070A00070B504461049886880470F4908698047D1
:1070B00000BF0D48C169C4F3074088470A48C16949
:1070C000C4F307208847E0B2074AD16988470649D8
:1070D0008869804705460449486980470249C8686D
:1070E0008047284670BD0000440000202DE9F04193
:1070F00004460E4617460025134988688047124902
:107100000869804700BF1048C169C4F30740884739
:107110000D48C169C4F307208847E0B20A4AD16923
:10712000884700BF05E00849886980477055681C9A
:1071300085B2BD42F7DB0449486980470249C86807
:107140008047BDE8F08100004400002070B504468F
:107150000D461049886880470E490869804744F009
:1071600004040C48C169C4F3074088470948C16951
:10717000C4F307208847E0B2064AD169884705482A
:10718000C169284688470349486980470149C8685A
:10719000804770BD440000202DE9F04104460E46B2
:1071A00017460025134988688047124908698047B7
:1071B00044F004040F48C169C4F3074088470D48F0
:1071C000C169C4F307208847E0B20A4AD1698847F9
:1071D00000BF05E0705D074AD1698847681C85B229
:1071E000BD42F7DB0349486980470249C8688047C8
:1071F000BDE8F0814400002000B50848007800F0A8
:1072000013F80020064908600648006808B9012004
:1072100000E000200349086000BD000034000020A9
:10722000082C00408082404200F07F01014A11603A
:1072300070470000002C0040704703B401984100E3
:10724000009850EAC12018BF04204A0D18BF40F032
:10725000010040F2FF72B2EB515F08BF40F0020044
:10726000012808BF052002B07047000002480068EE
:10727000C0F30220704700000CED00E010B50028BC
:1072800004DB0A07130E054A135406E00A07140E1E
:10729000034A00F00F031B1FD45410BD00E400E0AC
:1072A00018ED00E02DE9FE4F81468A4614461F4640
:1072B000DDE90C6B01AA02A95046D9F8E4319847E0
:1072C0000546029810B10298BDE8FE8F2879A042C9
:1072D00009DC424800231A4621460090504600F03F
:1072E000DDFB3E48F0E70E9888B104EB44012868C6
:1072F00010F8210000F0010048B1394800231A4677
:1073000021460090504600F0C9FB3548DCE717B92C
:107310004FF00060D8E704EB4401286800EB8100DF
:1073200040683168884208D904EB4401286800EBC2
:107330008100406830602B48C6E704EB44012868B0
:1073400000EB810040788BF8000004EB44012868D2
:1073500000EB8100D0F804809BF8000009280CD0D5
:1073600004EB4402286800EB8200424681683846FC
:10737000F9F7EAF9C6F800802DE004EB440ED5F8E1
:1073800000C00CEB8E0CDCF808000346D6F800C0F9
:10739000BCF1000F02D0D6F800C000E0C4460CEBF0
:1073A0000002394603E010F801CB01F801CB90F858
:1073B00000C0BCF1000F01D09042F4D3A0EB030C4D
:1073C000C6F800C0D6F800C0C44503D24FF0000C88
:1073D00080F800C000BF002076E700001100090619
:1073E00001000106050004057047704730380A287F
:1073F00001D20120704700207047704770477047E6
:10740000704770477047704710B50446206A00788F
:1074100020B981220021204602F007FB10BD0000A8
:107420002DE9FE4F04460F46002500264FF00309C4
:107430006069B0F808806069B0F80AA0A069B0F887
:1074400008B07E20005D10B90020BDE8FE8FB8F1C5
:10745000000F73D00020009001900290BCE0B9F1C1
:10746000030F06D0B9F1050F69D0B9F10B0F67D141
:107470009BE0606850F838004069006800F0004008
:1074800010B14FF00B09A6E0606850F83800066AAA
:1074900087B3307801282EDB3078F0282BDC05EB21
:1074A000C501A06810F81100401CC0B205EBC50270
:1074B000A16801F81200317888421CD1002005EB48
:1074C000C502A16801F812000090019002906A467E
:1074D0002946204600F0A2FC48B12B4641A241F6C5
:1074E000061148A0F8F7A4FF4FF00B0973E04FF026
:1074F000050951E0FFE79FB33078FC2831D105EB57
:10750000C501A06800EB4100821D2946204600F01D
:1075100085FCB0B12B4633A241F6661139A0F8F7CD
:1075200087FF05EBC501A06810F8110020F00100ED
:1075300005EBC502A16801F812000EE050E02CE056
:1075400040E005EBC501A06810F8110040F0010013
:1075500005EBC502A16801F812004FF00B093AE0F3
:10756000FFE70FB1307870B1A7B93078FF2802D0AB
:107570003078FE280ED105EBC501A06810F8110087
:1075800000F0010030B92946204606F01BF84FF004
:107590000B0901E04FF00B091DE06A462946204621
:1075A00006F0CEF84FF00B0915E0681CC5B208F1E3
:1075B00001001FFA80F80AF101001FFA80FA4FF06B
:1075C000030908E04B4613A241F672110DA0F8F72B
:1075D0002FFFFF2039E700BFD8457FF740AF00BF3E
:1075E000002032E720436F756C646E27742062754B
:1075F000696C64205450444F206E756D6265722032
:107600003A200000307825782025732030782578BE
:107610000A0D0000556E6B6E6F776E207374617487
:107620006520686173206265656E207265616368BC
:107630006564203A000000002DE9FE4F80468A462E
:1076400015469B460C9C01AA02A95046D8F8E43185
:1076500098470646029830B14FA00299F8F7E8FE25
:107660000298BDE8FE8F3079A84209DC55480090A9
:10767000002229465046236800F010FA5148F0E7EE
:107680000D9880B105EB4501306810F82100022803
:1076900009D14D480090002229465046236800F049
:1076A000FDF94948DDE705EB4501306800EB810055
:1076B00090F8019005EB4501306800EB81004768C8
:1076C000206840B12068B84205D0B9F1090F58D1FF
:1076D0002068B84255D259464846D8F824209047E9
:1076E0000290029868B1029800903A4629465046A6
:1076F000236800F0D3F935A00299F8F799FE0298B3
:10770000AFE705EB4503316801EB83018868594613
:107710002268F9F719F8B9F1090F0BD12068B842BE
:1077200008D2002005EB4502316801EB820189682F
:10773000226888542760019898B1019850F8250074
:1077400078B1019850F825302A463146404698478E
:107750000290029828B12AA00299F8F769FE0298CF
:107760007FE705EB4501306810F8210000F00400C8
:1077700028B12A4651464046D8F8E83198470020BB
:107780006FE727602B4800903A4629465046236809
:1077900000F084F9274864E743414E4F70656E3A24
:1077A000205F7365744F64656E74727920657272C0
:1077B0006F72436F646520697320307825780D0AF5
:1077C00000000000110009060200010643414E4F6F
:1077D00070656E3A205F7365744F64656E7472797C
:1077E00020416363657373446963206572726F72CD
:1077F000436F646520697320307825780D0A000096
:1078000043414E4F70656E3A205F7365744F6465F7
:107810006E7472792043616C6C6261636B20657277
:10782000726F72436F646520697320307825780D1C
:107830000A000000100007067047704700BF70473D
:107840002DE9FF4F85B0054691469A46129E28467F
:107850000699FAF72DFC8346BBF1FE0F03DB584671
:1078600009B0BDE8F08F04AB02225946284601F06A
:107870009BFD074647B96CA241F6C42178A0069B40
:10788000F8F7D6FDFF20EBE704AA0221284601F015
:1078900049FD074647B1764A41F6C52170A0069BCF
:1078A000F8F7C6FDFF20DBE7179898B104204B4698
:1078B0005A46CDE900A09DF81010284601F032FF8D
:1078C0009DF8100000EB800105F1280000EB01108D
:1078D000866309E002204B465A46CDE900A09DF898
:1078E0001010284601F01EFF9DF8100000EB8001EB
:1078F00005F1280000EB0110C6609DF8101001EBA7
:10790000810205F1280101EB0211139881F848006A
:107910004FF000080FE0149810F808109DF81000C0
:1079200000EB800205F1280000EB0210143000F893
:10793000081008F10108B045EDD3179880B1C220B6
:107940008DF80800002408E0E00026FA00F0C1B23B
:1079500002AA201D1154601CC4B2042CF4DB37E0D1
:10796000042E25D8C6F10400202141EA8000C01C65
:10797000C0B28DF8080004240EE09DF8100000EB62
:10798000800105F1280000EB01101430211F405C3C
:1079900002A90855601CC4B2082CEEDB9DF810004B
:1079A00000EB800105F1280000EB011006610FE0FB
:1079B00021208DF80800002408E0E00026FA00F0FD
:1079C000C1B202AA201D1154601CC4B2042CF4DB05
:1079D00009F0FF008DF809004FEA19208DF80A0020
:1079E0008DF80BA09DF8101001EB810205F1280124
:1079F00001EB02111598C86402AB5A4602212846D1
:107A000005F0B4FE07466FB11AA241F6D12114A0C9
:107A1000069BF8F70DFD9DF81010284605F06BFD4C
:107A2000FF201DE700201BE753444F206572726F53
:107A300072203A20436F6D6D756E69636174696F72
:107A40006E207965742065737461626C6973686512
:107A5000642E2077697468206E6F6465203A200078
:107A60003078257820257320307825780A0D00009D
:107A70009C02010853444F2E204572726F7220778A
:107A800068696C652073656E64696E672053444F46
:107A900020746F206E6F6465203A200070B5054633
:107AA000049C134EA01BB4421AD00DDC1148204494
:107AB000A8B1A0F57E40A0F5FF7070B1A0F5003030
:107AC000A0F1410080B90CE06FF40036304428B1D9
:107AD000202807D0212807D105E006E005E004E0D2
:107AE00003E002E001E000E000BF00BF002070BD45
:107AF00010000706FEFFFEF97CB504460D46002681
:107B0000002000900190032C07DB0B48426881683D
:107B10000AA0F8F78DFC701E7CBD134840F8245075
:107B2000601E012101FA00F01049097808430F494D
:107B300008703046F0E70000EC4200205554433A0C
:107B40002564206D73204341533A202564205265FB
:107B50006376204572726F7220436F6E746578741D
:107B6000205061636B0A0D00A4000020A0000020DB
:107B7000014600207047000010B52DED028B82B049
:107B80009FED160A10EE104A15480069144949691C
:107B90000844F8B11248006911494969084400EEE7
:107BA000100AF8EE400A0E48406900EE100AB8EEDE
:107BB000400A80EE201A11EE104A204607F042FDDE
:107BC00041EC180B8DED008B05484269016905A059
:107BD000F8F72EFC02B0BDEC028B10BD00000000D7
:107BE00000430020424953532D433A20416E616CBB
:107BF000797365206566666563742025642C206E44
:107C00006F6566666563742025642C2077726F6EDD
:107C100067207261746520253666200A0D00000019
:107C20007CB50024002001900090022501F012FD97
:107C30000090A80106F0B8F801A8FCF79FF800989A
:107C400006F0B2F821480078012819D1204901989E
:107C500088420AD31F490198884206D8019C1E48D1
:107C60000069401C1C49086129E01C480078401C40
:107C70001A49087018484069401C174948611EE0BD
:107C800012480078022819D11549019888420AD370
:107C900014490198884206D8019C0F480069401C8D
:107CA0000D4908610BE00D480078401C0B49087035
:107CB00009484069401C0849486100E000BF0A4883
:107CC0000068401C0849086020467CBD58430020DD
:107CD0002FB884005F6F8C00004300206C040020EC
:107CE000114A8D00A01195007004002010B5FBF71B
:107CF0003BFBFEF7C3FDFDF73BFEFDF75FFDFDF728
:107D0000A9FDFDF7DBFFFDF7FBFFFEF71BF8FEF714
:107D10003BF8FEF771F8FEF7DBF8FEF7F5F8FEF733
:107D20000FF9FEF79FF8FDF7E1FDFDF79DFF06F067
:107D3000F9F919A0F8F77CFB2248FCF755FE224818
:107D4000FCF752FE01202149C8734FF4FA70FBF78B
:107D500045F9FAF756FA4FF4FA70FBF73FF900F0DD
:107D600055F91BA0F8F764FB4FF49670FBF736F952
:107D700001F0DAFF01F02AFFFAF782FA4FF4FA7005
:107D8000FBF72CF90120114988731748416817A0A7
:107D9000F8F74EFB10BD00002A2A2A2A2A2A2A2A8E
:107DA0002A2A2A2A4E455720424F4F54212A2A2A4E
:107DB0002A2A2A2A2A2A2A2A2A2A2A2A2A2A2A0A43
:107DC0000D000000E43C00202C3D0020004300207A
:107DD000534452414D3A20496E6974205375636390
:107DE00065737321200D0A00EC4200204341533A91
:107DF000202564206D7320416C6C2046756E637481
:107E0000696F6E20496E697469616C2046696E699C
:107E10007368656421200A0D000000002DE9F04F11
:107E20008DB004468946154661690989606800EB92
:107E3000C10000EBC9000C9061694989606800EBE2
:107E4000C10000EBC90B4FF0000A0026DBF8000070
:107E500080680B900C98006840690088C0F30A00A5
:107E600028800020A87050E00020089009900AF1B6
:107E7000010000EB4000DBF8001001EB8000D0F8BF
:107E80000880D8F80000000C079098F80070002FC8
:107E900036D0F019402833D8781E012101EBD000EC
:107EA0000690B8F80000C0F30720059000200AAA49
:107EB00006ABCDE90032CDE9020108AB2046059AB8
:107EC0000799FFF7EFF958B115A241F2130123A06A
:107ED000D8F80030F8F7ACFAFF200DB0BDE8F08F0D
:107EE000002206F00700291D01EBD601CDE90102B1
:107EF0000091F8B2134608A9F9F79FFE3E4400BF6F
:107F00000AF1010000F0FF0A00BF0B98007850450D
:107F1000AADC701E012101EBD000E8700020DCE734
:107F200020436F756C646E27742066696E64206DE3
:107F30006170706564207661726961626C65206150
:107F40007420696E6465782D737562696E646578F6
:107F50002D73697A65203A2000000000307825787A
:107F600020257320307825780A0D00002DE9F04196
:107F700004460D462E880027B846F0110F2842D23D
:107F8000DFE800F0390841191A1B1C1D1E1F2028AC
:107F900029413100802E06D17C20005D50B1204661
:107FA00005F010F906E07B20005D18B12946204657
:107FB00001F0AAFF27E000BF00BF00BF00BF00BF65
:107FC00000BF00BF7E20005D18B12946204602F0A8
:107FD000CFF818E000BF7A20005D18B1294620468E
:107FE00002F0A8FA0FE07D20005D18B12946204676
:107FF00002F032F807E0206A007818B129462046DE
:1080000001F0BAFF00BF00BFBDE8F081F8B5002461
:10801000042527A0006800900026264841782648BD
:1080200005F05CFD0021244805F04EFE7F2122482A
:1080300005F04AFE204805F0BFFF00BF11E004EB49
:1080400084011E4A02EB810000F0DEFE19488178AF
:108050000222194800F0B6FF1420FAF7BFFF601C97
:10806000C4B2262CEBDB002411E004EB8401144A9B
:1080700002EB810000F0C8FE0E48817802220E4813
:1080800000F0A0FF1420FAF7A9FF601CC4B2092C6D
:10809000EBDB0521084805F017FE06488178012230
:1080A000054801F0C2FC044805F052FFF8BD00008D
:1080B000880100805843002004380020AC000020D4
:1080C000A40300202DE9F04188B080460C46002032
:1080D0000790E678002700250390059620880190F8
:1080E000002002908DF81800A07808B9002000E068
:1080F0000220049007AB221D01A90648FAF777F980
:1081000005461DB1294604A0F8F792F9284608B0A3
:10811000BDE8F081683A002043414E4F70656E3AE9
:108120002043414E322053656E64204661696C21C4
:10813000204572726F72436F6465206973203078D6
:1081400025780A0D0000000070B504460B4600209B
:10815000106046F23F05601BAC4271D071DC41F605
:108160000205A4EB0500AC426CD045DC41F21805D9
:10817000A4EB0500AC4273D011DCA4F580501828A4
:108180006FD2DFE800F0E7E66EE56EE4E36EE2E171
:10819000E06EDFDE6E6E6E6E6E6EDD6EDCDBB0F599
:1081A000BD6F5FD014DC40F2E936A0EB0605B042AB
:1081B0007ED008DC11287CD0B0F51A7F7AD0B0F5DB
:1081C0007A7F4ED11FE1012D75D0022DF9D122E128
:1081D00040F2EB56851BB0426ED006DCA0F2E950AF
:1081E00000286AD00128ECD12AE1A5F2FD15002D66
:1081F00077D0012DE5D12BE140F60506851BB04275
:1082000070D027DC40F2FF76A0EB0605B0426AD0C2
:1082100019DCB0F5007F67D009DC012865D0B0F526
:10822000FF7F63D0A0F2FF100028CAD121E1A0F2A5
:10823000012000285BD0A0F2FD500028C1D121E12F
:108240005FE123E00BE1062D9AD2DFE805F00AEEAC
:10825000EDECEBEA082D6ED00BDC072D90D202E09E
:10826000CBE0EBE0D9E0DFE805F0E9E8E7E6E5E4BC
:10827000E300292D60D004DC0A2D5ED0102DA0D1A2
:1082800031E12A2D67D0382D9BD138E13E2875D0B9
:1082900039DC292873D020DC232871D015DC1E2876
:1082A0006FD00DDC01286DD002286CD01B2805E0B2
:1082B000ADE0A4E0A5E0ACE0C4E0B0E081D126E10F
:1082C00021286ED022288ED127E124380528BBD260
:1082D000DFE800F0F0EFEEEDEC002C381228B3D21E
:1082E00006E0B1E0DCE0CFE0C8E0BCE0BFE0C7E022
:1082F000DFE800F0ECEBEAE9E8E7E6E5A4E4A4A4B3
:10830000E3A4A4E2A4E182286FD02ADC47286DD040
:1083100009DCA0F13F00082896D2DFE800F0EFEE7C
:108320008FED8FECEBEA59286FD015DC48286DD023
:108330005228A4D12BE1D2E0D7E0D2E059E056E0B8
:1083400051E04EE04BE048E045E042E03DE038E0FF
:1083500033E030E02DE0CAE05A2867D05B288ED1A8
:108360001BE1B52863D014DCA12868D00CDC83287D
:1083700072D0862871D0872886D116E1F5E0DAE040
:10838000CDE0C6E0BFE0C0E0A22867D0A72895D125
:1083900011E1BF286FD005DCBD286DD0BE288DD17E
:1083A0000FE1B8E0C02868D0A0F2C340002885D112
:1083B0000DE1002111E101210FE102218A48106045
:1083C0000BE103218948106007E10421884810600F
:1083D00003E1052101E10621FFE00721FDE008217D
:1083E000FBE00921F9E00A21F7E0D8E0CBE00B211E
:1083F000F3E00C217F481060EFE00D21EDE00E214D
:10840000EBE00F21E9E01021E7E0C2E0BDE011213F
:10841000E3E01221E1E01321DFE01421DDE015218A
:10842000DBE03BE038E035E032E02FE0B3E0C4E0F1
:1084300053E050E04DE04AE036E033E0C9E0B6E01A
:108440001621CAE01721C8E018216B481060C4E06B
:1084500019216A481060C0E0A3E0A4E0A9E01A2155
:1084600067481060B9E01B2166481060B5E01C2128
:10847000B3E01D21B1E0A6E0A1E0A6E01E21ACE042
:108480001F21AAE02021A8E02121A6E02221A4E0CA
:108490002321A2E02421A0E025219EE026219CE0CA
:1084A00027219AE0282198E0292196E041E03EE04A
:1084B0003BE038E035E056E053E050E04DE04AE084
:1084C00047E044E041E03EE03BE038E035E02A218F
:1084D00083E02B2181E02C217FE02D217DE02E21E6
:1084E0007BE02F2179E0302177E0312175E03221E6
:1084F00073E046E043E040E03DE03AE037E033211E
:108500006BE0342169E0352167E0362165E03721F1
:1085100063E0382161E039215FE03A215DE03B21F1
:108520005BE03C2159E03D2157E03E2155E03F21F1
:1085300053E0402151E041214FE042214DE04321F1
:108540004BE0442149E0452147E0462145E04721F1
:1085500043E0482141E049213FE04A213DE04B21F1
:108560003BE04C2139E04D2137E04E2135E04F21F1
:1085700033E0502131E051212FE052212DE05321F1
:108580002BE0542129E0552127E0562125E05721F1
:1085900023E0582121E059211FE05A211DE05B21F1
:1085A0001BE05C2119E05D2117E05E2115E05F21F1
:1085B00013E0602111E061210FE062210DE06321F1
:1085C0000BE0642109E0652107E0662105E06721F1
:1085D00003E00D481860002070BD00BF0020186047
:1085E0000A4800EBC100F7E704530020EC09002023
:1085F000000A0020D80A00204C53002064530020B9
:108600007C530020945300200000020674F80008F8
:1086100002469F2A04D1087808B10348704700BF7A
:1086200000BF0020FAE70000300009062DE9F04104
:108630000446002700BF2348807E032837D1214805
:10864000007E042833D1B4F57A7F29DC14F57A7FD3
:1086500026DB0F201C490880E61725464FF4000151
:1086600000232C46A4FB010C06FB01C105FB0316ED
:1086700005463C2228463146F7F7B6FE0546134923
:108680000D600320124908700121124804F09AFF7E
:10869000114842688168234610A0F7F7C9FE0DE033
:1086A0000D48416822461AA0F7F7C2FE06E00548C9
:1086B000827E094841682448F7F7BAFE3846BDE88B
:1086C000F08100001C430020C20800207409002033
:1086D000CA08002004380020EC4200205554433AD8
:1086E000202564206D73204341533A202564206D7A
:1086F000732C204554482075706461746520537054
:10870000656564203A25642072706D0A0D000000D2
:108710004341533A20202564206D732053706565D2
:1087200064476976656E204F766572466C6F772C6C
:108730002077686963682069732030782564207227
:10874000706D0A0D2100000000000108F0B52DED4C
:10875000048B81B00446002600253248807E042820
:1087600053D13048007E04284FD1204606F0E3FD67
:1087700041EC180B9FED2C0B53EC102B06F0F2FD87
:1087800038D8204606F0D7FD41EC180B9FED280B9A
:1087900053EC102B06F020FF2CD80F202649088020
:1087A000204606F0C8FD41EC190B9FED240B53EC5D
:1087B000102B06F039FC41EC180B06F08DFD054638
:1087C00000202049086028B21F49088004201F4962
:1087D000087001211E4804F0F5FE4FF47A7094FBF6
:1087E000F0F71C480095426881683B461A48F7F745
:1087F0001FFE11E04FF47A7094FBF0F715484168C2
:108800003A4616A0F7F714FE06E00648827E1148A5
:1088100041682048F7F70CFE304601B0BDEC048BF0
:10882000F0BD00001C4300200000000000E0A54057
:108830000000000000E0A5C0C20800206666666671
:108840006666064074090020F8080020CA08002067
:1088500004380020EC420020B4FF00084341533AA2
:1088600020202564206D7320546F727175654769EF
:1088700076656E204F766572466C6F772C20776830
:108880006963682069732030782564204E6D0A0D75
:10889000210000000000010810B500246348808B0F
:1088A000C0F30900B0F5147F1DD16148007E012896
:1088B00004D100205E49087604F056FE06205D498A
:1088C000088000205C4908605848407E40B25B49FF
:1088D000087000215A4804F075FE012053490876BB
:1088E00058A0F7F7A5FD5148808BC0F3090040F26E
:1088F0003121884214D107204E49088000204E497A
:1089000008604A48407E40B24C49087000214C48FB
:1089100004F058FE0220454908765AA0F7F788FD72
:108920004248808BC0F3090040F23321884214D1C1
:108930000F204049088000203F4908603B48407EA6
:1089400040B23E49087000213D4804F03BFE032040
:10895000364908765A48F7F76BFD3448808BC0F3E8
:10896000090040F23721884210D104202F490876AF
:108970002F48007E38B92E48407E012803D12C496B
:10898000087604F0F1FD4FA0F7F752FD2748808BE1
:10899000C0F3090040F21721884236D10020234954
:1089A00008762348007E012804D10020204908765B
:1089B00004F0DAFD1E48C07B012826D11B48407E0A
:1089C00003280DD10F201B49088000201A49086098
:1089D00000211B4804F0F6FD42A0F7F729FD14E042
:1089E0001248407E04280DD10F2012490880002033
:1089F0004B4908800021124804F0E4FD49A0F7F734
:108A000017FD02E056A0F7F713FD0848808BC0F36E
:108A1000090040F21F21884205D10520034908764C
:108A20005FA0F7F705FD204610BD00001C430020A5
:108A300000430020C208002074090020CA0800205A
:108A40000438002043414E4F70656E3A20537461E4
:108A500074757320312020736572766F204E6F20FD
:108A60004661756C7420706C7A2073656E64204367
:108A70006F6E74726F6C776F726420307830360D61
:108A80000A00000043414E4F70656E3A20537461F6
:108A9000747573203220536572766F20526561645D
:108AA000792C20706C7A2073656E6420436F6E742D
:108AB000726F6C776F726420307830370D0A000067
:108AC000E0FD000843414E4F70656E3A20537461DB
:108AD000747573203420536572766F2052554E2082
:108AE0000D0A000043414E4F70656E3A2053797372
:108AF00074656D20536574757020537065656420CE
:108B00004D6F646520696E205374617475732030F5
:108B100020517569636B53746F70200D0A0000005B
:108B2000F808002043414E4F70656E3A2053797328
:108B300074656D20536574757020546F727175651E
:108B4000204D6F646520696E2053746174757320C5
:108B50003020517569636B53746F70200D0A0000EB
:108B600043414E4F70656E3A2053797374656D20A2
:108B700053657475702049646C652F504F534920BC
:108B80004D6F646520696E20537461747573203075
:108B900020517569636B53746F70200D0A000000DB
:108BA00043414E4F70656E3A205374617475732063
:108BB00035204E6F7720696E204661756C742120D8
:108BC000506C7A20636865636B204552524F524364
:108BD0004F4445200D0A000010B52DED088B84B0E0
:108BE000484800784849887648480088888308467D
:108BF000807E03280AD146480088C8830846838BB4
:108C0000C28B817E4348F7F713FC0EE03E48807E1E
:108C100004280AD13E4800883B4948840846838B93
:108C2000428C817E3C48F7F703FC3C490968C1EB64
:108C300001118800C11700EB5121C915324A91601A
:108C400010468068B0F57A7F04DC1046806810F525
:108C50007A7F02DA00202C4988603148B0F90000A0
:108C600006F069FB41EC190B9FED2E0B53EC102B1A
:108C700006F0B4FB41EC180B06F02EFB00B22249C3
:108C800088812748B0F9000006F055FB41EC1B0B2A
:108C90009FED240B53EC102B06F0A0FB41EC1A0BBC
:108CA00006F084F9044606F0CDFC41EC190B9FED6B
:108CB0001F0B53EC102B06F0B7F941EC180B06F024
:108CC00075F911490861084690ED040A10EE101A72
:108CD000084606F0B7FC41EC180B16480068C005C2
:108CE0003C2190FBF1F48DED028B074800948368E2
:108CF000827E114841681148F7F79AFB04B0BDEC39
:108D0000088B10BDCB0800201C430020C4080020A5
:108D1000C208002088FD00082CFE0008EC08002096
:108D2000FE08002066666666666606400000000073
:108D300000408F4074090020EC420020D0FE000863
:108D400070B5B2B0044600260025C82227496846FF
:108D5000F7F73FFD00202649C8732648808BC0F3F3
:108D6000090040F2372188423DD102202249088083
:108D7000032C36DB042C34DC1E48407EA04209D094
:108D80001E4890F90000A04204D01A48447660B210
:108D90001A49087000211A4804F014FC1420FAF74C
:108DA0001DF9174805F008F9002511E005EB8501CC
:108DB0006A4602EB810000F027F81248817802220F
:108DC0000F4800F0FFF81420FAF708F9681CC5B244
:108DD0000A2DEBDB0A4805F0BBF801200449C873F3
:108DE00001E04FF6FF76304632B070BD68F70008FC
:108DF000004300201C430020C2080020CA080020B5
:108E000004380020584300202DE9F04F87B0044675
:108E10000020069081460026824694F812B0002772
:108E2000059000258046608823280BD0272807D08E
:108E30002B2803D02F2807D101270BE0022709E0B8
:108E4000032707E0042705E021A0F7F7F1FA4FF028
:108E5000FF0800BF00BFB8F1FF0F00D133E020785A
:108E600000F07F09E0884FF6FF7101EA0026A08834
:108E7000304486B294F808A05346324649461DA0B5
:108E8000F7F7D6FA002506E0681D14F8100005A9CA
:108E90004855681CC5B2BD42F6D3002005A953460B
:108EA0003246CDE9007BCDE902104946214806F063
:108EB0004CF800E000BF06AA49461E4800F05AFBE5
:108EC0000128F7D100BF404607B0BDE8F08F000091
:108ED00043414E4F70656E3A2053444F20446174B5
:108EE00061204C656E677468204572726F72212034
:108EF0000D0A000043414E4F70656E3A2053444FB7
:108F00002053656E64206E6F646549443A20307862
:108F100025782C20696E6465783A20307825782C85
:108F200020737562496E6465783A20307825782020
:108F30000A0D00000438002010B5044600BF082CBC
:108F400002DD4FF0FF3010BD00BFA100491C4FF4FF
:108F5000807202EBC1001021FEF7F8F800BFA100FB
:108F6000491C4FF4807202EBC100FEF799F800280B
:108F7000F5D1A100491C4FF4007202EBC1001F2182
:108F8000FEF7E4F80120A0400B49098881430A4814
:108F900001800020094921F814000949085500BF43
:108FA000A100491C4FF4407202EBC100FEF778F8B3
:108FB0000028F5D10120C6E73A000020A04000209B
:108FC0003C0000202DE9F84306460F4690463946FE
:108FD0003046F9F76DF80546FE2D02DB8520BDE829
:108FE000F8836B4642462946304600F02EFA044686
:108FF0000CB1FF20F3E79DF80010304604F07BFA37
:109000000020ECE770B505460C46062D1CD2DFE8C3
:1090100005F003070B0F1317204605F039FE16E085
:10902000204605F097FD12E0207805F05DFE70BD4A
:1090300005F0BEFD20700AE0204605F068FE06E05F
:10904000204605F0BAFD02E04FF0FF30EFE700BF29
:109050000020ECE72DE9FC4106460C4600250020E7
:1090600000900190102E79D2DFE806F0080B1A1656
:109070001E2226323F5154585C5D616C05F05DFE46
:109080006FE01CB10094009808300190DDE9000108
:1090900005F0A7FDBDE8FC81208805F01DFD60E01E
:1090A00005F02EFD20805CE0208805F0E2FD58E010
:1090B00005F03BFD208054E0208801124FF49850C9
:1090C000FEF744F821784FF4A050FEF73FF848E04F
:1090D0004FF4A050FDF7E4FF07464FF49850FDF71A
:1090E000DFFF07EB002020803BE01F4880782070E6
:1090F0001D48C07860701C480079A0701A484079FB
:10910000E0701948807920710020607129E005F035
:10911000A4FE26E0204605F0BAFE22E0204605F037
:1091200045FE1EE01DE0207805F0DDFEB2E705F00B
:1091300086FEC5B268B2401C10B94FF0FF30A9E7F7
:1091400025700EE005F06EFEC5B268B2401C18B97D
:109150004FF0FF309EE701E0257002E04FF0FF3056
:1091600098E700BF002095E74400002010B50446B2
:10917000054B002241F203012046FDF716F80020BE
:10918000D4F80812087010BDCF5F000870470000C7
:109190002DE9FE4F04460F4615469946DDE90CA819
:1091A00002AB2A463946204600F0FEF806463EB994
:1091B0009DF808302FA243F6202135A0F7F738F9A3
:1091C00076B9012D0CD19DF80810204604F093F9D2
:1091D0009DF8083032A243F621212DA0F7F728F997
:1091E0005EBB022D29D19DF8081001EB810204F12C
:1091F000280101EB0211B1F94A00F8F795FD9DF83D
:10920000081001EB810204F1280101EB0211A1F821
:109210004A0085219DF8080000EB800204F1280037
:1092200000EB021081709DF8080000EB800104F152
:10923000280000EB0110C0F80480002320A243F6B0
:10924000222113A0F7F7F4F84B463A462946204668
:10925000CDE900A804F012FB06464EB100231DA282
:1092600043F623210AA0F7F7E3F8FF20BDE8FE8FBD
:109270000020FBE74661696C656453444F203A2047
:109280006C696E6520666F756E64203A2000000080
:109290003078257820257320307825780A0D000055
:1092A0004661696C656453444F203A206C696E6571
:1092B0002072656C6561736564203A2000000000CF
:1092C00053656E64696E672053444F2061626F720C
:1092D00074200000556E61626C6520746F207365A8
:1092E0006E64207468652053444F2061626F72740D
:1092F0000000000000BF054A126802F04002002A88
:10930000F9D0C2B2014B1B1D1A607047004C0040DF
:1093100001480068C06A70472C3D0020014608687B
:10932000007870472DE9F04105460E4617460024A7
:1093300014E004EB840105F1280000EB01108078B3
:1093400050B93C7004EB840105F1280000EB0110DA
:1093500046700020BDE8F081601CC4B2012CE8DB3F
:10936000234604A241F625210BA0F7F761F8FF2060
:10937000F0E70000546F6F206D616E792053444F09
:1093800020696E2070726F67726573732E20416260
:109390006F727465642E0000307825782025732064
:1093A000307825780A0D000070B504460D4600217E
:1093B00028E001EB810604F1280000EB061080781C
:1093C000F0B101EB810604F1280000EB0610807873
:1093D000852815D001EB810604F1280000EB06106A
:1093E0000078A8420CD101EB810604F1280000EBC3
:1093F00006104078904203D103B11970002070BD6F
:10940000481CC1B20129D4DBFF20F8E730B5034680
:1094100001EB810403F1280000EB0410C06810B9CF
:10942000002010600FE001EB810403F1280000EB45
:10943000041001EB8105C46803F1280000EB05105E
:109440000069201A1060002030BD70B504460D463A
:1094500000211FE001EB810604F1280000EB06105B
:109460008078A8B101EB810604F1280000EB06101A
:109470000078A8420CD101EB810604F1280000EB32
:1094800006104078904203D103B11970002070BDDE
:10949000481CC1B20129DDDBFF20F8E770B50446A6
:1094A0000025002600BFA100491C4FF4185202EB12
:1094B000C100FDF7F5FD0646A100491C4FF4185206
:1094C00002EBC10101F58070FDF7EAFD00EB06201B
:1094D00086B2AEB1A100491C4FF4185202EBC10094
:1094E000FDF7DEFD0546A100491C4FF4185202EBC2
:1094F000C10101F58070FDF7D3FD00EB052085B2B9
:10950000B542D0D1284670BD70B50446002500266E
:1095100000BFA100491C4FF4005202EBC100FDF74F
:10952000BFFD0646A100491C4FF4005202EBC101E9
:1095300001F58070FDF7B4FD00EB062086B2AEB1F8
:10954000A100491C4FF4005202EBC100FDF7A8FD39
:109550000546A100491C4FF4005202EBC10101F580
:109560008070FDF79DFD00EB052085B2B542D0D19E
:10957000284670BD2DE9F84304460F4615460020E5
:109580000090286039462046F8F792FD8046B8F1F1
:10959000FE0F02DB8520BDE8F8836B4602224146C0
:1095A0002046FFF701FF064646B13B4616A241F6AC
:1095B000F12124A0F6F73CFF8520ECE79DF80000A0
:1095C00000EB800104F1280000EB011040682860E6
:1095D0009DF8000000EB800104F1280000EB011071
:1095E0008078012809D09DF8000000EB800104F18B
:1095F000280000EB01108078CDE79DF80010204690
:1096000003F079FF0120C6E753444F206572726F63
:1096100072203A204E6F206C696E6520666F756E01
:109620006420666F7220636F6D6D756E696361741F
:10963000696F6E2077697468206E6F6465203A20C8
:1096400000000000307825782025732030782578B8
:109650000A0D0000EFF3118070470000F8B50446D2
:109660001F4B002241F217012046FCF79EFD00200F
:1096700084F8DC01002516E0D4F89C0030F82500C1
:1096800086B276B1002000904FF47A7006FB00F3AA
:10969000144A29462046FDF78BF8D4F8A01021F88B
:1096A0001500681CC5B2D4F898000078A842E3DC25
:1096B000D4F8A400008888B1D4F8A40006884FF438
:1096C0007A7106FB01F006FB01F3074A00210090C6
:1096D0002046FDF76DF8A4F8A80000BFF8BD000013
:1096E0009F5F0008091C00086361000870B504460C
:1096F00000250BE0D4F8A01031F91500F8F714FBA1
:10970000D4F8A01021F81500681CC5B2D4F8980050
:109710000078A842EEDCB4F9A800F8F705FBA4F83D
:10972000A80070BD2DE9F84304460D46174698463B
:10973000DDE90896022E05D0032E03D0042E01D0B9
:10974000052E10D10020534B534A29460090204645
:10975000FDF72EF805EB850204F1280101EB02115B
:10976000A1F84A0011E005EB850204F1280101EBA4
:109770000211B1F94A00F8F7D7FA05EB850204F1B6
:10978000280101EB0211A1F84A0005EB850104F163
:10979000280000EB0110077005EB850104F128009B
:1097A00000EB0110A0F8088005EB850104F128000A
:1097B00000EB011080F80A9005EB850104F1280008
:1097C00000EB01108670002105EB850204F12800F2
:1097D00000EB0210C17005EB850204F1280000EBDC
:1097E0000210C16005EB850204F1280000EB0210B5
:1097F000016105EB850204F1280000EB021080F8FE
:10980000341005EB850204F1280000EB021080F80B
:10981000351005EB850204F1280000EB021080F8FA
:10982000361005EB850204F1280000EB021081637D
:1098300005EB850204F1280000EB021080F83C10D3
:1098400005EB850204F1280000EB021080F83D10C2
:1098500005EB850204F1280000EB021080F83E10B1
:1098600005EB850204F1280000EB021080F83F10A0
:1098700005EB850204F1280000EB021080F8481087
:1098800005EB850204F1280000EB0210C164002002
:10989000BDE8F883C0C62D00E161000810B504469C
:1098A0002046FFF7DBFE204600F0A4FA10BD10B5FD
:1098B00004462046FFF71AFF204600F0DFFA10BDED
:1098C0002DE9F04704460D461646984605EB8501FE
:1098D00004F1280000EB011000693044202809D968
:1098E000334627A241F6102134A0F6F7A1FDFF2050
:1098F000BDE8F08705EB850104F1280000EB0110BD
:109900000069811905EB850204F1280000EB0210C3
:10991000C068814208D933462CA241F6112127A004
:10992000F6F786FDFF20E3E705EB850104F128004B
:1099300000EB0110D0F8109000270DE005EB850139
:1099400004F1280000EB0110143009EB0701405C22
:1099500008F80700781CC7B2B742EFD305EB8501C2
:1099600004F1280000EB01100069811905EB850264
:1099700004F1280000EB021001610020B8E70000AC
:1099800053444F2053697A65206F66206461746187
:1099900020746F6F206C617267652E204578636557
:1099A00065642053444F5F4D41585F4C454E4754CA
:1099B000485F5452414E5346455200003078257856
:1099C00020257320307825780A0D000053444F205D
:1099D00053697A65206F66206461746120746F6FCB
:1099E000206C617267652E2045786365656420632D
:1099F0006F756E7400000000FEF778F901E004F066
:109A0000B3FCFCE7FEB504460D4645F4E066ADF850
:109A1000006001208DF8020000208DF803006946E7
:109A2000D4F8E001FEF74EFBFEBDFEB504460D4640
:109A300016460020ADF800008DF8020002208DF8D7
:109A400003008DF804608DF805506946D4F8E001F4
:109A5000FEF738FBFEBD000070B505460E46144605
:109A6000A01C114908800320104908700846457061
:109A7000002005E000220D4B811C5A54411CC8B245
:109A8000A042F7DB084802880949084800F03CF882
:109A9000002005E0064A811C515C3154411CC8B2CB
:109AA000A042F7DB70BD00006A000020B04000203B
:109AB000B141002070B505460C46601C0F49088076
:109AC00005200F490870002004E000220C4B411CC7
:109AD0005A54C8B2A042F8DB08480288094908482D
:109AE00000F012F8002005E0064A411C515C2954A0
:109AF000411CC8B2A042F7DB70BD00006A00002024
:109B0000B0400020B14100202DE9F84305460E4643
:109B100017460024A04600224FF480510F48F9F761
:109B20000BFC00BF10E032203219291901230090EC
:109B30000B48FAF704FD8046B8F1000F02D009A0E7
:109B4000F6F776FC601C84B2BC42ECDB0122110308
:109B50000248F9F7F1FBBDE8F88300000004024079
:109B60003C3B0020424953532D433A205350493245
:109B70002053656E64204661696C656421200A0D7E
:109B80000000000070B505460E461446A01C0C49A6
:109B9000088002200B49087008464570002005E047
:109BA000325C084B811C5A54411CC8B2A042F7DBFE
:109BB0000348028804490348FFF7A6FF70BD000070
:109BC0006A000020B0400020B141002000B585B0FF
:109BD00026490020FFF716FA24490120FFF712FA60
:109BE00003A90820FFF736FA2148416803AA21A0FB
:109BF000F6F71EFC1D48417900791C4AD278CDE960
:109C000000200291194883784278017821A0F6F764
:109C10000FFC1648407A00901448037AC279817983
:109C200026A0F6F705FC1148407C00900F48037C05
:109C3000C27B817B26A0F6F7FBFB0C48407B0090A3
:109C40000A48037BC27A817A26A0F6F7F1FB07481F
:109C5000407D00900548037DC27C817C26A0F6F7FC
:109C6000E7FB2AA0F6F7E4FB05B000BD7800002072
:109C7000EC4200200D0A203D3D3D202564206D73FF
:109C8000202573204E455420434F4E46203D3D3DF8
:109C90000D0A00004D41433A20253032583A253014
:109CA00032583A253032583A253032583A25303237
:109CB000583A253032580D0A000000005349503AF6
:109CC0002025642E25642E25642E25640D0A0000AF
:109CD0004741523A2025642E25642E25642E2564A2
:109CE0000D0A00005355423A2025642E25642E2586
:109CF000642E25640D0A0000444E533A2025642E3C
:109D000025642E25642E25640D0A00003D3D3D3D51
:109D10003D3D3D3D3D3D3D3D3D3D3D3D3D3D3D3D73
:109D20003D3D0D0A0000000010B586B00024174B21
:109D30000FCBCDE90323CDE901011549154803F007
:109D40008BFB1549154803F09BFB1549154803F09B
:109D5000ABFB01A90120FFF77DF9401C30B9124887
:109D6000416812A0F6F764FB00BFFEE708E005A912
:109D70000F20FFF76FF9401C10B915A0F6F758FB3C
:109D80009DF814000028F2D006B010BD58F7000866
:109D9000AF650008A56500087D65000891650008AD
:109DA0006D3E00084D3E0008EC4200202564206D09
:109DB000732057495A4348495020496E6974696174
:109DC0006C697A6564206661696C2E0D0A0000007A
:109DD00057353530303A20556E6B6E6F776E2050A8
:109DE0004859204C696E6B207374617574732E0D25
:109DF0000A000000F8B504461E4B002241F20C0197
:109E00002046FCF7D2F91B4B002241F20D012046FF
:109E1000FCF7CBF9D4F83801008850B3D4F83C01F2
:109E2000007830B3D4F8380106884FF47A7106FB15
:109E300001F006FB01F3104A002100902046FCF7D8
:109E4000B7FCA4F83001002510E004F1B000405D3B
:109E50000F2809D020680078A84205D0D4F83C012A
:109E6000017804F5A0704155681CC5B2802DECDB6B
:109E700000BFF8BDB75F00088D21000810B504468B
:109E8000B4F93001F7F750FFA4F8300110BDF0B578
:109E900087B004460D4620200690012005AA06AB97
:109EA000CDE9012005EB85070093039004F128001C
:109EB00000EB071000F1140305EB850704F12800FF
:109EC00000EB0710827A05EB850704F1280000EB10
:109ED000071001892046FDF7E5F9064616B1304620
:109EE00007B0F0BD05EB850204F1280000EB02107D
:109EF0000699C160002105EB850204F1280000EB02
:109F0000021001610020EBE72DE9F04105460C4607
:109F1000E078082808D023880CA241F2560112A04C
:109F2000F6F786FABDE8F081207800F07F06217907
:109F3000607941EA002794F8068043463A46314664
:109F40002846D5F838C2E04700BFEBE74572726F8C
:109F5000722073697A6520454D43592E20436F6204
:109F6000496420203A20000030782578202573208D
:109F7000307825780A0D000070B504460D4694F837
:109F800078007F2807D094F87800052803D094F84B
:109F9000780004285FD1687920B168792168097850
:109FA000884258D12879802824D004DC012807D0A1
:109FB00002284FD111E0812829D082284AD132E0ED
:109FC00094F878007F2803D094F87800042803D10F
:109FD0000521204603F078FE3CE094F878007F28C5
:109FE00003D094F87800052803D10421204603F01B
:109FF0006BFE2FE094F87800052803D094F87800E1
:10A00000042803D17F21204603F05EFE22E0D4F82D
:10A01000900018B12046D4F89010884700212046BF
:10A0200003F052FE16E02046FFF778F90646D4F812
:10A03000940018B12046D4F894108847FF20216876
:10A0400008703146204603F049FD0021204603F008
:10A050003BFE00BF00BF70BD2DE9FE4F04460F461A
:10A06000387800F07F05B878012829D12068007879
:10A07000A84279D12068007800F5E066ADF800606C
:10A0800001208DF8030000208DF8020094F878007C
:10A090008DF8040094F8DC0148B19DF8040040F00C
:10A0A00080008DF80400002084F8DC0102E001202B
:10A0B00084F8DC016946D4F8E001FEF703F853E0C8
:10A0C000387900F07F08D4F83C01017804F5A070DD
:10A0D00041559038405D404509D0424629462046CA
:10A0E000D4F8D831984704F1B00000F8058004F1A5
:10A0F000B000405D20B929462046D4F8D4219047CD
:10A1000004F1B000405D0F282DD0002625E0D4F8E2
:10A110009C0050F82600C0F307494D451BD1D4F8E8
:10A120009C0030F826001FFA80FAD4F8A01031F90C
:10A130001600F7F7F9FD002000904FF47A700AFB43
:10A1400000F30A4A31462046FCF732FBD4F8A0104F
:10A1500021F8160000BF701CC6B2D4F89800007831
:10A16000B042D4DC00BF00BFBDE8FE8F091C000870
:10A170002DE9F04F8DB004460F4600200C90834629
:10A180000B900A90022009904FF0000800254FF034
:10A19000000AB87800287CD160698688A069808828
:10A1A0000790002E76D0BDE00998022802D004283E
:10A1B0000CD113E0606850F8360040690A900A98A4
:10A1C00000883988884202D104200990A9E0681CDF
:10A1D000C5B2701C86B202200990A2E06069C688F0
:10A1E000A069C0880790606800EBC60050F8350091
:10A1F00080680C904FF0000A6EE0002005900690F9
:10A20000606800EBC60050F835100AF1010000EB61
:10A21000400001EB8000D0F808B0BBF1000F0BD17B
:10A220000AF1010398A241F63711A0A0F6F700F950
:10A23000FF200DB0BDE8F08F9BF80090B9F1000F42
:10A2400045D008EB0900F978B0EBC10F3FDC0020E6
:10A2500005AACDE90020CDE902084FEAE87008EB35
:10A260005070C010A8EBC000C2B2381D00EBE8016E
:10A2700000234846F7F7E1FCA9F10100012101EBB9
:10A28000E00004900120002104AACDE90021029001
:10A2900001E04CE0F6E0BBF80000C0F30722DBF879
:10A2A0000000010C05AB2046FDF7C6F908900898A0
:10A2B00048B10AF1010381A241F638117BA0F6F7FB
:10A2C000B7F8FF20B5E708EB090000F0FF080AF136
:10A2D000010000F0FF0A00BF0C98007850458CDCAC
:10A2E000E068E0B1606850F83600406C0088069085
:10A2F000069898B1E16831F91500F7F715FD0020CF
:10A3000000904FF47A71069800FB01F3294620462D
:10A310002269FCF74DFAE16821F8150000BF002022
:10A3200087E700BF079886427FF73EAFAAE0B8787C
:10A330000128FBD1099060690689A069008907900E
:10A34000002EF3D09AE00998012804D0042816D0F2
:10A3500005280CD17BE0606850F8360040690A900F
:10A360000A9800883988884202D10420099084E044
:10A37000681CC5B2701C86B2012009907DE060683F
:10A3800050F83600006A0B900B980078FD2802D137
:10A390000520099071E00B980078FC281DD105EB91
:10A3A000C501A06810F8110000F0010058B105EBDC
:10A3B000C503A26802EB4302911DD4F8E001FDF74A
:10A3C00081FE002035E73B8846A241F6471137A0C1
:10A3D000F6F72EF8052009904FE00B980078FF283B
:10A3E00003D00B980078FE282FD105EBC502A16899
:10A3F00001EB4201B1F90200F7F796FC05EBC5024B
:10A40000A16801EB4201488005EBC502A16801EBA0
:10A410004201B1F90400F7F787FC05EBC502A1681A
:10A4200001EB4201888005EBC501A06810F811001E
:10A4300020F0010005EBC502A16801F812002946D1
:10A440002046FBF7DAFD0020F3E6FF20F1E604AA40
:10A4500029462046FDF7E2FC40B12B462DA241F6ED
:10A46000481112A0F5F7E4FFFF20E2E604A9D4F8B2
:10A47000E001FDF727FE0020DBE600BF07988642DB
:10A480007FF761AF0020D4E6436F756C646E27746C
:10A4900020676574206D617070696E6720706172ED
:10A4A000616D65746572203A20000000307825786F
:10A4B00020257320307825780A0D00006572726FB0
:10A4C0007220616363657373696E6720746F2074B3
:10A4D0006865206D617070656420766172203A2035
:10A4E000000000004E6F7420726561647920525440
:10A4F000525F53594E43205450444F2073656E644D
:10A500002063757272656E742064617461203A20F4
:10A510000000000020436F756C646E277420627524
:10A52000696C64205450444F206E756D62657220D2
:10A530003A20000003B599B0002014900320129037
:10A540000020099003201290199840690088089013
:10A55000199880690088079000200A9008980028C0
:10A5600035D02FE019984168089801EBC0000079B8
:10A5700001280DDC0A9800F594500346EFA241F63D
:10A5800061210290F5A0F5F753FFFF201BB000BD3D
:10A5900019984168089851F8300041690991099863
:10A5A00001681A980088814204D1012012900A980B
:10A5B00013900BE00A98401CC0B20A900898401C07
:10A5C00080B20890DDE907108842CBDD00BF129809
:10A5D000032849D1199840694088089019988069E2
:10A5E0004088079000200A90089800283CD036E068
:10A5F00019984168089801EBC000007903280CDC29
:10A600000A9800F594500346D8A241F663210290BF
:10A61000D2A0F5F70DFFFF20B8E719984168089818
:10A6200051F83000016A0991099801681A98008868
:10A6300081420CD1022012900A9813901998416817
:10A64000089851F83000C06A007814900BE00A981E
:10A65000401CC0B20A900898401C80B20890DDE906
:10A6600007108842C4DD00BF1298032801D1FF20E3
:10A670008CE71A98C078082813D00023C3A241F6AB
:10A680006721B6A0F5F7D4FE4FF0006000210B461D
:10A69000CDE90010DDE912211998FEF779FDFF20C0
:10A6A00074E716ABDDE912211998FEF77DFE1890CC
:10A6B000FF201790189808BB129801280AD19DF81E
:10A6C000580000EB80011998283000EB01108078C9
:10A6D00004280DD01298022813D19DF8580000EBE1
:10A6E00080011998283000EB01108078052808D1E6
:10A6F0001A980079802802D10420179001E00620E2
:10A7000017901798FF2803D11A98007940111790D5
:10A710001798072882F00D85DFE810F00700A302E4
:10A720008005A207020A640A280F129801287DD129
:10A73000189870B99DF8580000EB800119982830DE
:10A7400000EB01108078022801D0012000E00020F9
:10A750001890189890B1914A41F670217FA0139BF0
:10A76000F5F766FE8E4800210B46CDE90010DDE9C5
:10A7700012211998FEF70CFDFF2007E79DF85800FD
:10A7800000EB80011998283000EB0110B0F94A0065
:10A79000401C58B39DF8580000EB800119982830F0
:10A7A00000EB0110B0F94A000290F7F7BDFA01463C
:10A7B0009DF8580000EB80021998283000EB021039
:10A7C000A0F84A100020774B774A00909DF8581067
:10A7D0001998FBF7EDFF01469DF8580000EB800249
:10A7E0001998283000EB0210A0F84A109DF8580084
:10A7F00000EB80011998283000EB011000890E90C1
:10A800009DF8580000EB80011998283000EB0110EA
:10A81000807A0D909DF8580000EB8001199828303F
:10A8200000EB0110C1781A98007900E0E7E0C0F36E
:10A830000010814217D01A980079C0F30010034627
:10A840005AA241F67221029044A0F5F7F1FD5E494B
:10A850000D98CDE900010E9BDDE912211998FEF754
:10A8600097FCFF2092E61A980079C0F34200C0F1ED
:10A87000070015901A98431D9DF85810159A1998BD
:10A88000FBF7CAFD1890189860B14FF000610D9861
:10A89000CDE900010E9BDDE912211998FEF778FC45
:10A8A000FF2073E69DF8580000EB800119982830CE
:10A8B00000EB0110C078202141EA0010C0B28DF8F1
:10A8C0003C0001200B9006E000210FAA0B981154C8
:10A8D0000B98401C0B900B980828F5D30FABDDE9C3
:10A8E0001212199802F042FF9DF8580000EB800107
:10A8F0001998283000EB0110C07808B9012000E059
:10A90000002000F001019DF8580000EB800219982A
:10A91000283000EB0210C1701A98007900F0010095
:10A9200000286BD09DF858101998FBF72DFD119059
:10A93000119808B1002349E05BE00000537562699B
:10A940006E646578203120206E6F7420666F756E9E
:10A950006420617420696E64657820003078257801
:10A9600020257320307825780A0D00005375626920
:10A970006E646578203320206E6F7420666F756E6C
:10A980006420617420696E64657820004572726F7E
:10A99000722073697A652053444F0000E00001087B
:10A9A00021000008C0C62D00E161000853444F207B
:10A9B0006572726F72203A20546F67676C6520650C
:10A9C00072726F72203A200000000305FDA241F66A
:10A9D0005421AFF27800F5F72BFD11990D98CDE9D0
:10A9E00000010E9BDDE912211998FEF7D1FBFF2033
:10A9F000CCE59DF85810199802F07DFD2FE11898CC
:10AA000070B99DF8580000EB80011998283000EBD0
:10AA100001108078032801D0012000E00020189068
:10AA2000189898B1F74A41F67521AFF2D000149BFF
:10AA3000F5F7FEFCF44800210B46CDE90010DDE9F6
:10AA400012211998FEF7A4FBFF209FE59DF85800FE
:10AA500000EB80011998283000EB0110B0F94A0092
:10AA6000401C58B39DF8580000EB8001199828301D
:10AA700000EB0110B0F94A000290F7F755F90146D2
:10AA80009DF8580000EB80021998283000EB021066
:10AA9000A0F84A100020DD4BDD4A00909DF85810C8
:10AAA0001998FBF785FE01469DF8580000EB8002DF
:10AAB0001998283000EB0210A0F84A109DF85800B1
:10AAC00000EB80011998283000EB011000890E90EE
:10AAD0009DF8580000EB80011998283000EB011018
:10AAE000807A0D909DF8580000EB8001199828306D
:10AAF00000EB0110C1781A980079C0F30010814270
:10AB000013D0C4A241F67621AFF2B010149BF5F732
:10AB10008FFCD0490D98CDE900010E9BDDE9122193
:10AB20001998FEF735FBFF2030E51A980079C0F33D
:10AB30004200C0F1070015901A98431D9DF8581067
:10AB4000159A1998FBF768FC1890189860B14FF0A7
:10AB500000610D98CDE900010E9BDDE912211998E5
:10AB6000FEF716FBFF2011E59DF8580000EB800171
:10AB70001998283000EB0110C07808B9012000E0D6
:10AB8000002000F001019DF8580000EB80021998A8
:10AB9000283000EB0210C1701A98007900F0010013
:10ABA000D0B39DF8580000EB80011998283000EBD5
:10ABB0000110B0F94A000290F7F7B6F801469DF887
:10ABC000580000EB80021998283000EB0210A0F822
:10ABD0004A1001219DF8580000EB80021998283096
:10ABE00000EB021081709DF8580000EB800119986D
:10ABF000283000EB0110C06C88B39DF8580000EBC2
:10AC000080011998283000EB0110C06C0290029A64
:10AC100014991998904722E0FFE79DF8580000EB3F
:10AC200080011998283000EB0110C078602141EABA
:10AC30000010C0B28DF83C0001200B9006E000210E
:10AC40000FAA0B9811540B98401C0B900B980828D6
:10AC5000F5D30FABDDE91212199802F087FD02F06F
:10AC600071BA1298012874D11A984179807941EA11
:10AC700000200E901A98C0790D90189898B900236A
:10AC800075A241F68121AFF22C30F5F7D1FB5E4978
:10AC90000D98CDE900010E9BDDE912211998FEF710
:10ACA00077FAFF2072E416AA12991998FEF73AFB78
:10ACB0001890189898B1002371A241F68221AFF242
:10ACC0006430F5F7B5FB50490D98CDE900010E9BB6
:10ACD000DDE912211998FEF75BFAFF2056E4022104
:10ACE0000D98CDE900019DF858100E9B139A199804
:10ACF000FEF718FD1A980079C0F3400050B31A9877
:10AD00000079C0F38100C0F1040015909DF858004F
:10AD100000EB80021998283000EB02101599C160F1
:10AD20001A9800F108039DF85810159A1998FBF726
:10AD300073FB1890189870B14FF000610D98CDE931
:10AD400000010E9BDDE912211998FEF721FAFF2080
:10AD50001CE4EDE021E09DF858101998FBF714FB76
:10AD60001190119898B1002316A241F68421AFF2F8
:10AD70001440F5F75DFB11990D98CDE900010E9B8C
:10AD8000DDE912211998FEF703FAFF2044E49DF84B
:10AD90005810199802F0AFFBA8E01A98007900F05B
:10ADA000010070B11A98017A407A01EB00211A98DB
:10ADB000807A01EB00411A98C07A01EB006015908F
:10ADC0007EE093E053444F206572726F72203A2008
:10ADD000556E61626C6520746F20636F70792074AA
:10ADE0006865206461746120696E20746865206FF5
:10ADF000626A6563742064696374696F6E617279F5
:10AE0000000000002803010821000008C0C62D0032
:10AE1000E161000853444F206572726F72203A203E
:10AE20005265636569766564207365676D656E74E8
:10AE300020726573706F6E736520546F67676C6501
:10AE4000206572726F722E2066726F6D206E6F6455
:10AE5000654964000000030553444F206572726F1A
:10AE600072203A205472616E736D697373696F6EEC
:10AE70002079657420737461727465642E0000001B
:10AE800053444F206572726F72203A204E6F206CCF
:10AE9000696E6520667265652C20746F6F206D6128
:10AEA0006E792053444F20696E2070726F6772650F
:10AEB00073732E2041626F727465642E000000006F
:10AEC0009DF85810159A199802F0C0FE189018981D
:10AED00060B14FF000610D98CDE900010E9BDDE9F6
:10AEE00012211998FEF754F9FF2046E460208DF8EE
:10AEF0003C000E98C0B28DF83D000E98000A8DF807
:10AF00003E000D988DF83F0004200B9006E00021D4
:10AF10000FAA0B9811540B98401C0B900B98082803
:10AF2000F5D30FABDDE91212199802F01FFC74E1A2
:10AF3000189870B99DF8580000EB800119982830D6
:10AF400000EB01108078022801D0012000E00020F1
:10AF50001890189898B1FD4A41F68521AFF2046027
:10AF6000149BF5F765FAFA4800210B46CDE900106D
:10AF7000DDE912211998FEF70BF9FF2072E49DF824
:10AF8000580000EB80011998283000EB0110B0F94F
:10AF90004A00401C58B39DF8580000EB80011998F6
:10AFA000283000EB0110B0F94A000290F6F7BCFE21
:10AFB00001469DF8580000EB80021998283000EBFC
:10AFC0000210A0F84A100020E24BE34A00909DF8DE
:10AFD00058101998FBF7ECFB01469DF8580000EB60
:10AFE00080021998283000EB0210A0F84A109DF852
:10AFF000580000EB80011998283000EB01100089FF
:10B000000E909DF8580000EB80011998283000EB55
:10B010000110807A0D909DF8580000EB800119987E
:10B02000283000EB0110C1781A980079C0F30010A5
:10B03000814214D0AFF2242241F68621AFF2E460BF
:10B04000149BF5F7F5F9C5490D98CDE900010E9B64
:10B05000DDE912211998FEF79BF8FF2021E415AADB
:10B060009DF858101998FEF7D1F91598D8BB9DF89E
:10B07000580000EB80011998283000EB0110B0F95E
:10B080004A000290F6F750FE01469DF8580000EB8A
:10B0900080021998283000EB0210A0F84A10012114
:10B0A0009DF8580000EB80021998283000EB021040
:10B0B00081709DF8580000EB80011998283000EB52
:10B0C0000110C06C68B19DF8580000EB8001199820
:10B0D000283000EB0110C06C0290029A1499199864
:10B0E0009047002084E4FFE7159807283CD99DF895
:10B0F000580000EB80011998283000EB0110C0784F
:10B1000008B9012000E0002000F001019DF858007E
:10B1100000EB80021998283000EB0210C1709DF8F6
:10B12000580000EB80011998283000EB0110C0781E
:10B130000007000E8DF83C000DF13D0307229DF83D
:10B1400058101998FEF7BCFB18901898F0B34FF000
:10B1500000610D98CDE900010E9BDDE912211998DF
:10B16000FEF716F8FF2043E49DF8580000EB80013D
:10B170001998283000EB0110C07808B9012000E0D0
:10B18000002000F001019DF8580000EB80021998A2
:10B19000283000EB0210C1709DF8580000EB8001D0
:10B1A0001998283000EB0110C07801011598C0F102
:10B1B000070041EA4000401CC0B28DF83C000DF190
:10B1C0003D039DF85810159A199800E01FE0FEF70E
:10B1D00077FB1890189860B14FF000610D98CDE999
:10B1E00000010E9BDDE912211998FDF7D1FFFF2028
:10B1F0002BE41598401C0B9006E000210FAA0B9839
:10B2000011540B98401C0B900B980828F5D30FABEA
:10B21000DDE91212199802F0A9FA20E51298012826
:10B220007DD11A984179807941EA00200E901A98D0
:10B23000C0790D901898A0B99DF8583048A241F6F1
:10B240009221AFF6E800F5F7F3F841490D98CDE902
:10B2500000010E9BDDE912211998FDF799FFFF20EF
:10B2600062E416AA12991998FEF75CF818901898DB
:10B27000A0B10023AFF2F83241F67121AFF62410ED
:10B28000F5F7D6F832490D98CDE900010E9BDDE9BE
:10B2900012211998FDF77CFFFF2045E403220D9849
:10B2A000CDE900029DF858100E9B139A1998FEF7ED
:10B2B00039FA9DF858101998FEF7E9FD1190119888
:10B2C00098B1334A41F69421AFF67010119BF5F70F
:10B2D000AFF811990D98CDE900010E9BDDE912211F
:10B2E0001998FDF755FFFF201EE415AA9DF8581088
:10B2F0001998FEF78BF8159804284BD941208DF842
:10B300003C000E98C0B28DF83D000E98000A8DF8F2
:10B310003E000D988DF83F001598C0B200E07FE028
:10B320008DF840001598000A8DF841001598000C22
:10B330008DF842001598000E8DF843000FABDDE943
:10B340001212199802F012FA89E10000280301088C
:10B3500021000008C0C62D00E161000800000305BF
:10B3600053444F206572726F72203A205472616E9E
:10B37000736D697373696F6E20796574207374617E
:10B3800072746564206174206C696E65203A2000D7
:10B39000540201081598C0F10401402040EA8100E0
:10B3A000C01CC0B28DF83C000E98C0B28DF83D00B4
:10B3B0000E98000A8DF83E000D988DF83F0010ABF6
:10B3C0009DF85810159A1998FEF77AFA189018985F
:10B3D00060B14FF000610D98CDE900010E9BDDE9F1
:10B3E00012211998FDF7D4FEFF205BE41598001D8B
:10B3F0000B9006E000210FAA0B9811540B98401CEB
:10B400000B900B980828F5D30FABDDE912121998B1
:10B4100002F0ACF99DF85810199802F06CF81EE192
:10B42000189870B99DF8580000EB800119982830E1
:10B4300000EB01108078032801D0012000E00020FB
:10B440001890189898B1FD4A41F69721AFF6F4206C
:10B45000149BF4F7EDFFFA4800210B46CDE90010EC
:10B46000DDE912211998FDF793FEFF201AE49DF8FB
:10B47000580000EB80011998283000EB0110B0F95A
:10B480004A00401C58B39DF8580000EB8001199801
:10B49000283000EB0110B0F94A000290F6F744FCA6
:10B4A00001469DF8580000EB80021998283000EB07
:10B4B0000210A0F84A100020E24BE34A00909DF8E9
:10B4C00058101998FBF774F901469DF8580000EBE5
:10B4D00080021998283000EB0210A0F84A109DF85D
:10B4E000580000EB80011998283000EB011000890A
:10B4F0000E909DF8580000EB80011998283000EB61
:10B500000110807A0D901A980079C0F34000E8B3DA
:10B510001A980079C0F38100C0F1040015901A98C0
:10B5200000F108039DF85810159A1998FAF774FF5E
:10B530001890189860B14FF000610D98CDE90001A6
:10B540000E9BDDE912211998FDF722FEFF201DE474
:10B550009DF8580000EB80011998283000EB01108D
:10B56000B0F94A000290F6F7DFFB01469DF858005B
:10B5700000EB80021998283000EB0210A0F84A1066
:10B580009DF8580000EB8002199800E028E0283070
:10B5900000EB02101599C16001219DF8580000EBE5
:10B5A00080021998283000EB021081709DF8580035
:10B5B00000EB80011998283000EB0110C06C68B1D5
:10B5C0009DF8580000EB80011998283000EB01101D
:10B5D000C06C0290029A149919989047002084E454
:10B5E0001A98007900F0010018B31A98017A407A8D
:10B5F00001EB00211A98807A01EB00411A98C07A79
:10B6000001EB006015909DF85810159A199802F0FA
:10B610001DFB1890189860B14FF000610D98CDE9AE
:10B6200000010E9BDDE912211998FDF7B1FDFF2005
:10B630005BE460208DF83C0001200B9006E00021C7
:10B640000FAA0B9811540B98401C0B900B980828CC
:10B65000F5D30FABDDE91212199802F087F8DCE59B
:10B66000129801287ED1189870B99DF8580000EB07
:10B6700080011998283000EB01108078032801D050
:10B68000012000E000201890189898B16F4A4FF4FC
:10B69000D551AFF63850139BF4F7CAFE6848002125
:10B6A0000B46CDE90010DDE912211998FDF770FD78
:10B6B000FF201AE49DF8580000EB8001199828300B
:10B6C00000EB0110B0F94A00401C58B39DF8580037
:10B6D00000EB80011998283000EB0110B0F94A0006
:10B6E0000290F6F721FB01469DF8580000EB80021E
:10B6F0001998283000EB0210A0F84A100020514B96
:10B70000514A00909DF858101998FBF751F80146DE
:10B710009DF8580000EB80021998283000EB0210C9
:10B72000A0F84A109DF8580000EB800119982830C5
:10B7300000EB011000890E909DF8580000EB80018D
:10B740001998283000EB0110807A0D909DF8580070
:10B7500000EB80011998283000EB0110C1781A988D
:10B76000007900E0BBE0C0F30010814219D01A98C4
:10B770000079C0F300100346AFF6D05241F6A22183
:10B780000290AFF62860F4F753FE31490D98CDE9E9
:10B7900000010E9BDDE912211998FDF7F9FCFF204D
:10B7A0005CE415AA9DF858101998FDF72FFE15981E
:10B7B00007284FD99DF8580000EB800119982830D0
:10B7C00000EB0110C0780007000E8DF83C000DF171
:10B7D0003D0307229DF858101998FEF771F818904C
:10B7E000189860B14FF000610D98CDE900010E9BF3
:10B7F000DDE912211998FDF7CBFCFF202EE49DF81E
:10B80000580000EB80011998283000EB0110C07837
:10B8100008B9012000E0002000F001019DF8580067
:10B8200000EB80021998283000EB0210C1700FABBA
:10B83000DDE91212199801F099FF70E1FC0301088B
:10B8400021000008C0C62D00E16100082C0101089C
:10B85000000003059DF8580000EB8001199828307E
:10B8600000EB0110C07800011599C1F1070140EA11
:10B870004100401CC0B28DF83C000DF13D039DF825
:10B880005810159A1998FEF71BF81890189860B17F
:10B890004FF000610D98CDE900010E9BDDE912210A
:10B8A0001998FDF775FCFF201CE41598401C0B90BF
:10B8B00006E000210FAA0B9811540B98401C0B9026
:10B8C0000B980828F5D30FABDDE91212199801F097
:10B8D0004DFF9DF85810199801F00DFE1FE11898C2
:10B8E00070B99DF8580000EB80011998283000EBE2
:10B8F00001108078022801D0012000E0002018907B
:10B90000189898B1FB4A41F6A521AFF6B070149B88
:10B91000F4F78EFDF84800210B46CDE90010DDE973
:10B9200012211998FDF734FCFF201CE49DF8580003
:10B9300000EB80011998283000EB0110B0F94A00A3
:10B94000401C58B39DF8580000EB8001199828302E
:10B9500000EB0110B0F94A000290F6F7E5F9014654
:10B960009DF8580000EB80021998283000EB021077
:10B97000A0F84A100020E14BE14A00909DF85810D1
:10B980001998FAF715FF01469DF8580000EB800260
:10B990001998283000EB0210A0F84A109DF85800C2
:10B9A00000EB80011998283000EB011000890E90FF
:10B9B0009DF8580000EB80011998283000EB011029
:10B9C000807A0D9015AA9DF858101998FDF71EFD64
:10B9D0001598D8BB9DF8580000EB800119982830C5
:10B9E00000EB0110B0F94A000290F6F79DF901460C
:10B9F0009DF8580000EB80021998283000EB0210E7
:10BA0000A0F84A1001219DF8580000EB8002199817
:10BA1000283000EB021081709DF8580000EB800187
:10BA20001998283000EB0110C06C68B19DF85800DF
:10BA300000EB80011998283000EB0110C06C0290D7
:10BA4000029A149919989047002009E4FFE7159885
:10BA5000072824D99DF8580000EB80011998283058
:10BA600000EB0110C0780007000E8DF83C000DF1CE
:10BA70003D0307229DF858101998FDF721FF1890F3
:10BA80001898B8B34FF000610D98CDE900010E9BF6
:10BA9000DDE912211998FDF77BFBFF2024E49DF8D6
:10BAA000580000EB80011998283000EB0110C07895
:10BAB00000011599C1F1070140EA4100401CC0B2E4
:10BAC0008DF83C000DF13D039DF85810159A19981A
:10BAD000FDF7F6FE1890189868B14FF000610D98C8
:10BAE000CDE900010E9BDDE912211998FDF750FB0D
:10BAF000FF207AE40DE01598401C0B9006E0002131
:10BB00000FAA0B9811540B98401C0B900B98082807
:10BB1000F5D30FABDDE91212199801F027FE9EE56F
:10BB20001A98017A407A41EA00211A98807A41EA0B
:10BB300000411A98C07A41EA00600C9012980128DE
:10BB400007D11898F0BB9DF85810199801F0D3FC54
:10BB500047E01898B0BB9DF8580000EB8001199899
:10BB6000283000EB0110B0F94A000290F6F7DCF83B
:10BB700001469DF8580000EB80021998283000EB30
:10BB80000210A0F84A1080219DF8580000EB8002B6
:10BB90001998283000EB021081709DF8580000EBD6
:10BBA00080021998283000EB02100C9941609DF832
:10BBB000580000EB80011998283000EB0110C06C90
:10BBC00000B100E00DE09DF8580000EB80011998ED
:10BBD000283000EB0110C06C0290029A1499199859
:10BBE00090473CE51A98007900F0030006901298FF
:10BBF00001287DD1069800287BD11A984179807957
:10BC000041EA00200E901A98C0790D901898A0B9BA
:10BC10009DF85830AFF6B80241F693213948F4F751
:10BC200007FC35490D98CDE900010E9BDDE9122195
:10BC30001998FDF7ADFAFF2018E416AA1299199881
:10BC4000FDF770FB1890189898B10023AFF6D0520A
:10BC500041F673212B48F4F7EBFB27490D98CDE90A
:10BC600000010E9BDDE912211998FDF791FAFF20E2
:10BC70006DE405220D98CDE900029DF858100E9B49
:10BC8000139A1998FDF74EFD1A980079C0F38001B8
:10BC90009DF8580000EB80021998283000EB021044
:10BCA00080F834101A98017A9DF8580000EB800251
:10BCB0001998283000EB021080F835109DF85810C4
:10BCC0001998FEF7E4F81190119808B30E4A41F65E
:10BCD00095210C48119BF4F7ABFB11990D98CDE918
:10BCE00000010E9BDDE912211998FDF751FA0DE0D4
:10BCF00018E242E0B403010821000008C0C62D008C
:10BD0000E16100085CA9000854020108FF201EE45C
:10BD100015AA9DF858101998FDF778FB9DF8580062
:10BD200000EB80021998283000EB0210159981630E
:10BD3000C2208DF83C000E98C0B28DF83D000E98E0
:10BD4000000A8DF83E000D988DF83F001598C0B29E
:10BD50008DF840001598000A8DF841001598000CE8
:10BD60008DF842001598000E8DF843000FABDDE909
:10BD70001212199801F0FAFCF7E3069801282BD16A
:10BD8000189870B99DF8580000EB80011998283078
:10BD900000EB01108078052801D0012000E0002090
:10BDA0001890189890B1FE4A41F6A121FD48139BC6
:10BDB000F4F73EFBFC4800210B46CDE90010DDE91D
:10BDC00012211998FDF7E4F9FF2008E49DF85810B6
:10BDD000199801F090FBC8E30698022802D0069853
:10BDE0000328C9D1189870B99DF8580000EB80015C
:10BDF0001998283000EB01108078052801D0012027
:10BE000000E000201890189890B1E84A41F6A1216E
:10BE1000E448139BF4F70CFBE34800210B46CDE903
:10BE20000010DDE912211998FDF7B2F9FF2040E476
:10BE30009DF8580000EB80011998283000EB0110A4
:10BE4000B0F94A00401C58B39DF8580000EB80013F
:10BE50001998283000EB0110B0F94A000290F5F76C
:10BE600063FF01469DF8580000EB800219982830C6
:10BE700000EB0210A0F84A100020CD4BCD4A0090F4
:10BE80009DF858101998FAF793FC01469DF8580050
:10BE900000EB80021998283000EB0210A0F84A103D
:10BEA0009DF8580000EB80011998283000EB011034
:10BEB00000890E909DF8580000EB800119982830F9
:10BEC00000EB0110807A0D90069802287ED11A9816
:10BED00081799DF8580000EB80021998283000EB1A
:10BEE000021080F835101A98407900F07F00049015
:10BEF00015AA9DF858101998FDF788FA159888BB6F
:10BF00009DF8580000EB80011998283000EB0110D3
:10BF100090F83D100498814225D19DF8580000EB1F
:10BF200080011998283000EB011090F83E00C021E4
:10BF300041EA8000401CC0B28DF83C0001200B900B
:10BF400006E000210FAA0B9811540B98401C0B908F
:10BF50000B980828F5D30FABDDE91212199801F000
:10BF600005FCDCE5FFE79DF8580000EB800119981F
:10BF7000283000EB011090F83C100722049802FBD7
:10BF800000119DF8580000EB80021998283000EB52
:10BF9000021001619DF8580000EB800119982830CB
:10BFA00000EB011001699DF8580000EB8002199820
:10BFB000283000EB0210C068814214D97E4A41F655
:10BFC000A1217848139BF4F733FA00E00BE07648A0
:10BFD00000210B46CDE90010DDE912211998FDF78B
:10BFE000D7F8FF200AE49DF8580000EB800119986B
:10BFF000283000EB0110017C9DF8580000EB800216
:10C000001998283000EB021080F83C1001200590B0
:10C0100079E09DF8580000EB80021998283000EB79
:10C020000210059980F83D1015AA9DF8581019982E
:10C03000FDF7ECF91598072821D905988DF83C00F3
:10C040000DF13D0307229DF858101998FDF738FCB3
:10C050001890189860B14FF000610D98CDE900017B
:10C060000E9BDDE912211998FDF792F8FF201BE4E1
:10C070000FABDDE91212199801F078FB3FE005984B
:10C0800040F080008DF83C000DF13D039DF8581004
:10C09000159A1998FDF714FC1890189860B14FF094
:10C0A00000610D98CDE900010E9BDDE91221199880
:10C0B000FDF76EF8FF2038E41598401C0B9006E061
:10C0C00000210FAA0B9811540B98401C0B900B9851
:10C0D0000828F5D30FABDDE91212199801F046FBE1
:10C0E0001598C0F10700C1B29DF8580000EB80021E
:10C0F0001998283000EB021080F83E1011E00598E6
:10C10000401CC0B205909DF8580000EB80011998C2
:10C11000283000EB011090F8351005988142BFF6E9
:10C1200078AF22E2069810B1069802287DD11898BF
:10C1300070B99DF8580000EB80011998283000EB89
:10C1400001108078042801D0012000E00020189020
:10C15000189890B1194A41F6AA211248149BF4F795
:10C1600067F9114800210B46CDE90010DDE91221E5
:10C170001998FDF70DF8FF2067E49DF8580000EBD3
:10C1800080011998283000EB0110B0F94A00401CDA
:10C19000E0B39DF8580000EB8001199828300FE0BB
:10C1A000780101085CA9000821000008900001083E
:10C1B000C0C62D00E1610008C8010108880401081B
:10C1C00000EB0110B0F94A000290F5F7ADFD014611
:10C1D0009DF8580000EB80021998283000EB0210FF
:10C1E000A0F84A100020FE4BFE4A00909DF858101F
:10C1F0001998FAF7DDFA01469DF8580000EB800225
:10C200001998283000EB0210A0F84A10069880BB5D
:10C210009DF8580000EB80011998283000EB0110C0
:10C2200000890E909DF8580000E04CE100EB800181
:10C230001998283000EB0110807A0D901A98007937
:10C24000C0F380019DF8580000EB80021998283057
:10C2500000EB021080F834101A98017A9DF858000B
:10C2600000EB80021998283000EB021080F835109E
:10C270008AE0FFE71A9881799DF8580000EB800268
:10C280001998283000EB021080F835101A98407980
:10C2900000F07F00049015AA9DF858101998FDF73A
:10C2A000B5F8159888BB9DF8580000EB80011998E7
:10C2B000283000EB011090F83D100498814225D100
:10C2C0009DF8580000EB80011998283000EB011010
:10C2D00090F83E00C02141EA8000401CC0B28DF8B9
:10C2E0003C0001200B9006E000210FAA0B9811548E
:10C2F0000B98401C0B900B980828F5D30FABDDE989
:10C300001212199801F032FA09E4FFE79DF858007B
:10C3100000EB80011998283000EB011090F83C10D8
:10C320000722049802FB00119DF8580000EB8002E0
:10C330001998283000EB021001619DF8580000EBBD
:10C3400080011998283000EB011001699DF8580010
:10C3500000EB80021998283000EB0210C06881427F
:10C3600012D9A14A41F6A121A048139BF4F760F825
:10C370009F4800210B46CDE90010DDE912211998F4
:10C38000FCF706FFFF2057E49DF8580000EB800102
:10C390001998283000EB0110017C9DF8580000EB43
:10C3A00080021998283000EB021080F83C10012020
:10C3B000059079E09DF8580000EB8002199828302C
:10C3C00000EB0210059980F83D1015AA9DF8581051
:10C3D0001998FDF71BF81598072821D905988DF8AD
:10C3E0003C000DF13D0307229DF858101998FDF708
:10C3F00067FA1890189860B14FF000610D98CDE978
:10C4000000010E9BDDE912211998FCF7C1FEFF2007
:10C4100012E40FABDDE91212199801F0A7F93FE021
:10C42000059840F080008DF83C000DF13D039DF82B
:10C430005810159A1998FDF743FA1890189860B19A
:10C440004FF000610D98CDE900010E9BDDE912214E
:10C450001998FCF79DFEFF200AE41598401C0B90EC
:10C4600006E000210FAA0B9811540B98401C0B906A
:10C470000B980828F5D30FABDDE91212199801F0DB
:10C4800075F91598C0F10700C1B29DF8580000EB8E
:10C4900080021998283000EB021080F83E1011E05D
:10C4A0000598401CC0B205909DF8580000EB800133
:10C4B0001998283000EB011090F83510059881424A
:10C4C000BFF678AF51E0069801283BD19DF858009F
:10C4D00000EB80011998283000EB0110B0F94A00F8
:10C4E0000290F5F721FC01469DF8580000EB800210
:10C4F0001998283000EB0210A0F84A1001219DF88D
:10C50000580000EB80021998283000EB021081706F
:10C510009DF8580000EB80011998283000EB0110BD
:10C52000C06C68B19DF8580000EB80011998283064
:10C5300000EB0110C06C0290029A14991998904770
:10C54000002042E42B4A41F6AB212848149BF3F724
:10C550006FFF274800210B46CDE90010DDE91221CD
:10C560001998FCF715FEFF202FE4FAE41298012831
:10C570007ED1189890B31A98007900F001000690C7
:10C58000069890B11C4A41F6AC211848149BF3F769
:10C590004FFF174800210B46CDE90010DDE91221BD
:10C5A0001998FCF7F5FDFF200FE41A98417980797E
:10C5B00041EA00200E901A98C0790D9016AA12999F
:10C5C0001998FCF7AFFE1890189828B300230B4A6F
:10C5D00041F689210548F3F72BFF11E07CE00000CC
:10C5E000C0C62D00E1610008100201085CA9000826
:10C5F00021000008700301084404010880AE00080F
:10C60000FE490D98CDE900010E9BDDE91221199834
:10C61000FCF7BEFDFF200AE404210D98CDE90001DE
:10C620009DF858100E9B139A1998FDF77BF801217D
:10C630009DF8580000EB80021998283000EB02109A
:10C6400080F83F101A980079C0F380019DF85800D7
:10C6500000EB80021998283000EB021080F83410AB
:10C660001A98007900F00200B8B11A98017A00E037
:10C6700088E2407A01EB00211A98807A01EB0041B0
:10C680001A98C07A01EB00619DF8580000EB800217
:10C690001998283000EB02108163A0208DF83C002F
:10C6A0000E98C0B28DF83D000E9800128DF83E0035
:10C6B0000D988DF83F0010208DF8400000208DF877
:10C6C00043008DF842008DF841000FABDDE91212F6
:10C6D000199801F04BF854E29DF8580000EB8001E6
:10C6E0001998283000EB011090F83F0001287CD108
:10C6F0009DF8580000EB80011998283000EB0110DC
:10C70000B0F94A00401C58B39DF8580000EB800176
:10C710001998283000EB0110B0F94A000290F5F7A3
:10C7200003FB01469DF8580000EB80021998283061
:10C7300000EB0210A0F84A100020B14BB14A009063
:10C740009DF858101998FAF733F801469DF85800EB
:10C7500000EB80021998283000EB0210A0F84A1074
:10C760001A98007900F07F0005901A98007900F07F
:10C770008000D8B39DF8580000EB8001199828304C
:10C7800000EB011090F83D00401C0599884222D131
:10C7900002219DF8580000EB80021998283000EB28
:10C7A000021080F83F109DF8580000EB80021998A5
:10C7B000283000EB0210059980F83D109DF85800D4
:10C7C00000EB80011998283000EB01111A9842689B
:10C7D0000A6480684864A2208DF83C009DF85800E7
:10C7E00000EB80011998283001E09BE025E000EB88
:10C7F000011090F83D008DF83D0010208DF83E00AE
:10C8000000208DF843008DF842008DF841008DF82E
:10C8100040008DF83F000FABDDE91212199800F0CF
:10C82000A5FF00219DF8580000EB800219982830E0
:10C8300000EB021080F83D10A3E19DF8580000EBDA
:10C8400080011998283000EB011090F83D00401C41
:10C850000599884234D19DF8580000EB8002199860
:10C86000283000EB0210059980F83D101A98431DFE
:10C8700007229DF858101998F9F7CEFD18901898CE
:10C88000F0B14FF000619DF8580000EB800219985C
:10C89000283000EB0210807ACDE900019DF85800A5
:10C8A00000EB80011998283000EB01100089034645
:10C8B0000290DDE912211998FCF76AFCFF205BE485
:10C8C00005981028B8D1A2208DF83C009DF858009A
:10C8D00000EB80011998283000EB011090F83D0022
:10C8E0008DF83D0010208DF83E0000208DF84300AB
:10C8F0008DF842008DF841008DF840008DF83F0022
:10C900000FABDDE91212199800F030FF00219DF8FD
:10C91000580000EB80021998283000EB021080F8D4
:10C920003D102EE19DF8580000EB80011998283049
:10C9300000EB011090F83F000228F2D11A9800791C
:10C9400000F0010090B9304A41F6AD212F48139B09
:10C95000F3F76EFD294800210B46CDE90010DDE913
:10C9600012211998FCF714FCFF2005E49DF85800EB
:10C9700000EB80011998283000EB0110B0F94A0053
:10C98000401C58B39DF8580000EB800119982830DE
:10C9900000EB0110B0F94A000290F5F7C5F9014625
:10C9A0009DF8580000EB80021998283000EB021027
:10C9B000A0F84A100020124B124A00909DF858101F
:10C9C0001998F9F7F5FE01469DF8580000EB800232
:10C9D0001998283000EB0210A0F84A101A98007934
:10C9E000C0F3820003909DF8580000EB8001199875
:10C9F000283000EB01104130029009E021000008CE
:10CA0000C0C62D00E1610008480001085CA90008CB
:10CA10000398C0F10700019002469DF85810029B50
:10CA20001998F9F7F9FC18901898F0B14FF00061D7
:10CA30009DF8580000EB80021998283000EB021096
:10CA4000807ACDE900019DF8580000EB800119982B
:10CA5000283000EB0110008903460290DDE9122125
:10CA60001998FCF795FBFF208DE49DF8580000EB2A
:10CA700080011998283000EB0110806BC0B39DF83D
:10CA8000580000EB80011998283000EB0110816BF1
:10CA90009DF8580000EB80021998283000EB021036
:10CAA0000069814225D0ECA241F6AE21FA48139BE1
:10CAB000F3F7BEFCF9499DF8580000EB8002199885
:10CAC000283000EB0210807ACDE900019DF8580073
:10CAD00000EB80011998283000EB01100089034613
:10CAE0000290DDE912211998FCF752FBFF204AE47D
:10CAF000FFE7A1208DF83C0001200B9006E000210B
:10CB00000FAA0B9811540B98401C0B900B980828F7
:10CB1000F5D30FABDDE91212199800F027FE9DF84E
:10CB200058101998F9F730FC1190119820B3002390
:10CB3000DB4A41F6AF21D848F3F77AFC9DF858005C
:10CB400000EB80021998283000EB0210807A1199CE
:10CB5000CDE900019DF8580000EB800119982830BC
:10CB600000EB0110008903460290DDE912211998BB
:10CB7000FCF70EFBFF2006E49DF85810199800F012
:10CB8000BAFCD5E2189890B1C6A241F6AD21C248D0
:10CB9000149BF3F74DFCC14800210B46CDE9001072
:10CBA000DDE912211998FCF7F3FAFF2030E49DF833
:10CBB000580000EB80011998283000EB0110B0F903
:10CBC0004A00401C58B39DF8580000EB80011998AA
:10CBD000283000EB0110B0F94A000290F5F7A4F8F4
:10CBE00001469DF8580000EB80021998283000EBB0
:10CBF0000210A0F84A100020B74BB84A00909DF8E8
:10CC000058101998F9F7D4FD01469DF8580000EB2B
:10CC100080021998283000EB0210A0F84A109DF805
:10CC2000580000EB80011998283000EB011090F8B3
:10CC30003F00E8BB1A98007900F001000028A0D15D
:10CC400001219DF8580000EB80021998283000EB74
:10CC5000021080F83F101A980079C0F380019DF807
:10CC6000580000EB80021998283000EB021080F881
:10CC700034101A98007900F00200A8B11A98017ACD
:10CC8000407A01EB00211A98807A01EB00411A9852
:10CC9000C07A01EB00619DF8580000EB8002199802
:10CCA000283000EB02108163A3208DF83C0000E0E7
:10CCB00013E001200B9006E000210FAA0B981154FD
:10CCC0000B98401C0B900B980828F5D30FABDDE9AF
:10CCD0001212199800F04AFD2AE29DF8580000EB64
:10CCE00080011998283000EB011090F83F000128CE
:10CCF0007ED11A98007900F07F0005901A9800798B
:10CD000000F08000F0B39DF8580000EB8001199806
:10CD1000283000EB011090F83D00401C0599884236
:10CD200022D102219DF8580000EB8002199828308A
:10CD300000EB021080F83F109DF8580000EB8002D5
:10CD40001998283000EB0210059980F83D109DF8E5
:10CD5000580000EB80011998283000EB01111A9857
:10CD600042680A6480684864A2208DF83C009DF8FF
:10CD7000580000EB80011998283000EB011090F862
:10CD80003D0000E021E08DF83D0010208DF83E00D0
:10CD900000208DF843008DF842008DF841008DF899
:10CDA00040008DF83F000FABDDE91212199800F03A
:10CDB000DDFC00219DF8580000EB80021998283016
:10CDC00000EB021080F83D10B2E19DF8580000EB36
:10CDD00080011998283000EB011090F83D00401CAC
:10CDE000059988427CD19DF8580000EB800200E054
:10CDF000A8E01998283000EB0210059980F83D1042
:10CE00001A98431D07229DF858101998F9F704FB4A
:10CE100018901898F0B14FF000619DF8580000EBA1
:10CE200080021998283000EB0210807ACDE90001C9
:10CE30009DF8580000EB80011998283000EB011094
:10CE4000008903460290DDE912211998FCF7A0F948
:10CE5000FF2034E544E0000053444F206572726FB8
:10CE60007220626C6F636B20646F776E6C6F6164AD
:10CE7000203A2073697A657320646F206E6F742086
:10CE80006D61746368202D20696E64657820307848
:10CE900031323030202B20005CA90008210000082E
:10CEA000C4AD000853444F206572726F7220626CEB
:10CEB0006F636B2075706C6F6164203A206E6F2019
:10CEC0007472616E736D697373696F6E20737461D0
:10CED0007274656400000000C0C62D00E1610008A6
:10CEE000059810282DD1A2208DF83C009DF85800FF
:10CEF00000EB80011998283000EB011090F83D00FC
:10CF00008DF83D0010208DF83E0000208DF8430084
:10CF10008DF842008DF841008DF840008DF83F00FB
:10CF20000FABDDE91212199800F020FC00219DF8EA
:10CF3000580000EB80021998283000EB021080F8AE
:10CF40003D10F5E09DF8580000EB8001199828305D
:10CF500000EB011090F83F00022872D11A98007976
:10CF600000F0010090B9794A41F6AD217848149B50
:10CF7000F3F75EFA774800210B46CDE90010DDE9B2
:10CF800012211998FCF704F9FF2098E41A98007907
:10CF9000C0F3820003909DF8580000EB80011998BF
:10CFA000283000EB0110413002900398C0F10700D7
:10CFB000019002469DF85810029B1998F9F72CFA37
:10CFC00018901898F0B14FF000619DF8580000EBF0
:10CFD00080021998283000EB0210807ACDE9000118
:10CFE0009DF8580000EB80011998283000EB0110E3
:10CFF000008903460290DDE912211998FCF7C8F870
:10D00000FF205CE49DF8580000EB8001199828305F
:10D0100000EB0110806BD0B39DF8580000EB80014D
:10D020001998283000EB0110816B9DF8580000EB37
:10D0300080021998283000EB02100069814227D045
:10D0400000E075E044A241F6AE214148149BF3F79D
:10D05000EFF940499DF8580000EB800219982830FC
:10D0600000EB0210807ACDE900019DF8580000EB3A
:10D0700080011998283000EB0110008903460290C6
:10D08000DDE912211998FCF783F8FF2017E4FFE788
:10D09000A1208DF83C0001200B9006E000210FAA92
:10D0A0000B9811540B98401C0B900B980828F5D343
:10D0B0000FABDDE91212199800F058FB9DF85800EB
:10D0C00000EB80011998283000EB0110B0F94A00FC
:10D0D0000290F4F729FE01469DF8580000EB80020B
:10D0E0001998283000EB0210A0F84A1001219DF891
:10D0F000580000EB80021998283000EB0210817074
:10D100009DF8580000EB80011998283000EB0110C1
:10D11000C06C68B19DF8580000EB80011998283068
:10D1200000EB0110C06C0290029A14991998904774
:10D1300008E019A241F6B2210548179BF3F778F9E8
:10D14000FF2012E400BF00200FE40000E402010809
:10D150005CA900082100000853444F206572726FDB
:10D160007220626C6F636B20646F776E6C6F6164AA
:10D17000203A2073697A657320646F206E6F742083
:10D180006D61746368202D2066726F6D206E6F6410
:10D19000652069642000000053444F2E20526563CF
:10D1A000656976656420756E6B6E6F776E20636F50
:10D1B0006D6D616E64207370656369666965722068
:10D1C0003A20000070B504462046D4F8CC118847B8
:10D1D0007E20005D08B9002070BD01212046FAF7CD
:10D1E0001FF905462046D4F8D01188472846F3E7B2
:10D1F0002DE9FC4704468A4616461F46DDF828807E
:10D20000002500BF082C02DD681EBDE8FC8700BFBA
:10D21000A100491C002202EBC100F9F741FF814641
:10D2200000F00F00022802D0042802D100E000BF65
:10D2300002E06FF00400E8E700BF00BF16B96FF02E
:10D240000D00E2E700BF814830F81400E8B91AE0A9
:10D250002046FCF723F90546A100491C4FF4407213
:10D2600002EBC100F9F71CFF10B96FF00300CCE727
:10D270000120A04076490988084010B10DB900206E
:10D28000C3E705B100E0E3E700BF0020714908559E
:10D2900009F00700022802D004287DD157E06B482E
:10D2A00030F81400E8BB08226946204601F058FB1C
:10D2B000A100491C4FF4807202EBC1004021F9F734
:10D2C00045FF00BFA100491C4FF4807202EBC10072
:10D2D000F9F7E6FE0028F5D19DF8000038709DF8BA
:10D2E000010078709DF80200B8709DF80300F87096
:10D2F0009DF80400A8F800009DF8050098F80010BB
:10D3000000EB0120A8F800009DF806004F4921F825
:10D3100014009DF8070011F8141000EB01204B4990
:10D3200000E004E021F8140080204A4908554748ED
:10D3300030F81400B04201DD354602E0434830F8D1
:10D3400014502A465146204601F00AFB55E03F485A
:10D3500030F81400A8BB02226946204601F000FB09
:10D36000A100491C4FF4807202EBC1004021F9F783
:10D37000EDFE00BFA100491C4FF4807202EBC1001A
:10D38000F9F78EFE0028F5D19DF800002F4921F80D
:10D3900014009DF8010000E027E011F8141000EBE4
:10D3A00001202A4921F81400084630F8140040F200
:10D3B000EA51884206DD2046FBF7BEFD6FF47A7025
:10D3C00023E702E0802023490855204830F8140064
:10D3D000B04201DD354602E01C4830F814502A46C0
:10D3E0005146204601F0BCFA07E02946204601F0EC
:10D3F000F9FA164820F8145000BF00BFA100491CDC
:10D400004FF4807202EBC1004021F9F79FFE00BF8C
:10D41000A100491C4FF4807202EBC100F9F740FEF5
:10D420000028F5D1094830F81400401B074921F8BD
:10D430001400084630F8140028B10648005D40F09A
:10D440000100044908552846DFE60000A0400020FE
:10D45000380000203C00002000B131B9054A064BDD
:10D460009A60064B044AD36002E0034A9060D160A0
:10D4700070470000F9EA000844000020FBEA0008B9
:10D4800000B131B9054A064B1A61064B044A536193
:10D4900002E0034A1061516170470000FFEA000892
:10D4A00044000020FDEA000800BF094A128802F487
:10D4B0000072002AF9D000B131B9064A044B9A61D2
:10D4C000054B034AD36102E0014A9061D161704784
:10D4D0004400002035ED000839ED000870B5054620
:10D4E000002405E02146284600F005F8601CC4B27F
:10D4F000012CF7DB70BD7CB504460D460020009082
:10D5000003460246294601902046FCF70BF9002607
:10D5100009E0002105EB850204F1280000EB021070
:10D5200014308155761C202EF3D3002105EB8502A3
:10D5300004F1280000EB0210417005EB850204F1B4
:10D54000280000EB021041607CBD2DE9F04104464B
:10D550000D4616461F463A4631462846D4F8E43171
:10D560009847BDE8F081000000200349086048604A
:10D570008860C860704700009C4300200E4901EBA2
:10D58000001108600D4989680C4A526811440B4A21
:10D590001269891A084A02EB00125160074949686A
:10D5A000054A02EB0012916005494968024A02EB04
:10D5B0000012D16070470000000000C0EC42002063
:10D5C0001C4300202DE9FF4104460D467E20005DEE
:10D5D00038B105EBC501A06810F8110000F001009A
:10D5E00018B1002004B0BDE8F081606900892844CA
:10D5F00086B2002001900290039001AA294620469D
:10D60000FAF70CFC40B12B463FA243F6071146A0A7
:10D61000F2F70EFF0020E5E705EBC501A06800EB7F
:10D620004100C088BDF80410884217D105EBC50140
:10D63000A06800EB4100407A9DF8071088420DD1A8
:10D6400005EBC502A16801EB420101F10A000822C5
:10D6500002A9F3F74DF808B90020C3E7606850F855
:10D660003600406C0788606850F83600C06AB0F831
:10D670000080CFB105EBC502A16801EB4201B1F911
:10D680000200F4F751FB002000904FF47A7007FB82
:10D6900000F3294A29462046F9F78AF805EBC50226
:10D6A000A16801EB42014880B8F1000F24D005EBDE
:10D6B000C502A16801EB4201B1F90400F4F734FBA3
:10D6C0000020642108FB01F31C4A294600902046F3
:10D6D000F9F76EF805EBC502A16801EB42018880FD
:10D6E00005EBC501A06810F8110040F0010005EB42
:10D6F000C502A16801F8120001AA2946204600F0DF
:10D700001FF800BF01206DE720436F756C646E2722
:10D7100074206275696C64205450444F206E756D9E
:10D72000626572203A200000307825782025732029
:10D73000307825780A0D0000FB5F0008296000089A
:10D7400070B504460E46154606EBC601A06800EB10
:10D750004100296840F8061F69684160A968816036
:10D760002946D4F8E001FAF7ADFC70BD2DE9FE437F
:10D77000044688461646994694F87800052806D04F
:10D7800094F878007F2802D0FF20BDE8FE83B8F12E
:10D79000010F1AD16069058825B1A819A169098806
:10D7A000884208DD002321A241F6422127A0F2F79A
:10D7B0003FFEFF20E9E7A919606850F83100006AD0
:10D7C000008880B2ADF8000019E06069458825B195
:10D7D000A819A1694988884208DD00231FA241F6E3
:10D7E00042211AA0F2F724FEFF20CEE7A9196068B3
:10D7F00050F831004069008880B2ADF80000002088
:10D800008DF8020008208DF80300002705E019F8C4
:10D81000071001A8C155781CC7B2082FF7DB69466D
:10D82000D4F8E001FAF74EFCAFE7000053656E64F0
:10D8300053444F203A2053444F20736572766572EB
:10D84000206E6F7420666F756E64000030782578E6
:10D8500020257320307825780A0D000053656E640A
:10D8600053444F203A2053444F20636C69656E74D3
:10D87000206E6F7420666F756E6400002DE9FC47A2
:10D8800006460F4690461D46DDE90A9480208DF835
:10D890000000E8B28DF80100280A8DF802008DF82A
:10D8A0000390E0B28DF80400200A8DF80500200CEA
:10D8B0008DF80600200E8DF807006B46424639466B
:10D8C0003046FFF753FF82465046BDE8FC8770B5EF
:10D8D0000446204600F006F805462046FFF772FC95
:10D8E000284670BD3EB50446D4F8C401008880B215
:10D8F000ADF8000000208DF802008DF803006946A5
:10D90000D4F8E001FAF7DEFB3EBD00002DE9F04758
:10D9100004468A4616461D46DDF820900027B84684
:10D9200000BF082C02DD781EBDE8F08700BFA10013
:10D93000491C002202EBC100F9F7B2FB00F00F0016
:10D94000022802D0042802D100E000BF02E06FF0FC
:10D950000400E9E700BF00BF16B96FF00D00E3E770
:10D9600000BF2878697860F31F210846A97860F322
:10D970001F210846E97860F31F210846286810B97E
:10D980006FF00B00D0E7B9F1000F02D16FF00A0081
:10D99000CAE7A100491C4FF4407202EBC100F9F73D
:10D9A0007FFB0746422F04D0222F02D06FF00600E3
:10D9B000BAE7A100491C4FF4406202EBC100042207
:10D9C0002946F9F7E9FB4FEA2921A200521C4FF43E
:10D9D000805303EBC200F9F7B9FB09F0FF01A20085
:10D9E000521C4FF4805303EBC20202F58070F9F72A
:10D9F000ADFBA100491C4FF4F85202EBC100F9F74E
:10DA00004FFB4FF6FF7101EA8028464500DD464690
:10DA10001CE02046FBF778FD8046A100491C4FF42E
:10DA2000407202EBC100F9F73BFB10B96FF0030045
:10DA30007AE70120A04028490988084018B14645E6
:10DA400001DD002070E7464500DC00E0E1E700BFB3
:10DA500032465146204600F0F8FFA100491C4FF421
:10DA6000807202EBC1002021F9F770FB00BFA1001A
:10DA7000491C4FF4807202EBC100F9F711FB00283A
:10DA8000F5D125E0A100491C4FF4007202EBC10062
:10DA9000F9F706FB00F01F0707F0100048B1A100DE
:10DAA000491C4FF4007202EBC1001021F9F74EFB44
:10DAB0000FE007F0080058B1A100491C4FF40072B4
:10DAC00002EBC1000821F9F741FB6FF00C002BE7D6
:10DAD000D8E700BF304627E7380000202DE9FF4196
:10DAE00043691A88002901DD7F2901DDBDE8FF8136
:10DAF0005AB3436853F832305B691C6803681B787B
:10DB000003F5C0639C4203D003681B78FF2B06D14A
:10DB100001F5C063446854F8324064692360436887
:10DB200053F832301B6A1C6803681B7803F5B06336
:10DB30009C4203D003681B78FF2B06D101F5B0632C
:10DB4000446854F83240246A236000244669B3884C
:10DB50008669B588DFF8F08098E8C010D8F80C80A6
:10DB60008DE8C010CDF80C8013B31DE0466856F860
:10DB70003360766936685DF82470D0F800C09CF890
:10DB800000C06744BE4203D006683678FF2E07D136
:10DB90005DF824607718466856F833607669376018
:10DBA000661CF4B25E1CB3B2AB4201DC042CDDDBBC
:10DBB00000244669338986693589DFF88C8008F14D
:10DBC000100898E8C010D8F80C808DE8C010CDF887
:10DBD0000C8000BF13B31DE0466856F833607669C9
:10DBE00037685DF82460D0F800C09CF800C0664437
:10DBF000B74203D006683678FF2E07D15DF824605F
:10DC00007718466856F8336076693760661CF4B258
:10DC10005E1CB3B2AB4201DC042CDDDBD0F8143265
:10DC20001C6803681B7880339C4203D003681B7810
:10DC3000FF2B04D101F18003D0F814422360036864
:10DC4000197000BF52E7000050F8000870B5064692
:10DC50000D461446202C08D9234608A241F635214A
:10DC600015A0F2F7E5FBFF2070BD05EB850106F17D
:10DC7000280000EB0110C4600020F5E753444F205A
:10DC800053697A65206F66206461746120746F6FD8
:10DC9000206C617267652E2045786365656420534A
:10DCA000444F5F4D41585F4C454E4754485F545276
:10DCB000414E534645520000307825782025732088
:10DCC000307825780A0D00007CB504460D4694F89E
:10DCD0007800A84259D035B1042D3CD0052D23D071
:10DCE0007F2D4FD10FE02A4903C9CDE90001002063
:10DCF00084F878006946204600F086F92046D4F87A
:10DD00008010884700BF2249083103C9CDE90001CE
:10DD10007F2084F878006946204600F075F9204697
:10DD2000D4F8841088472FE094F8780008B9FF20D1
:10DD30007CBD1749103103C9CDE90001052084F8E5
:10DD4000780005256946204600F05EF92046D4F8A3
:10DD50008810884718E094F8780008B9FF20E7E7B2
:10DD60000B49183103C9CDE90001042084F878007B
:10DD700004256946204600F047F92046D4F88C1067
:10DD8000884701E0FF20D3E700BF94F87800CFE791
:10DD900030F8000803490968496A0144014A1268D9
:10DDA000D16270472C3D0020C1B281F311887047C9
:10DDB0003EB504462168097841F4E060ADF8000002
:10DDC00000208DF8020001208DF8030000208DF85E
:10DDD00004006946D4F8E001FAF774F93EBD00008A
:10DDE0002DE9F04104460E4617461D4600BF082C9B
:10DDF00003DD4FF0FF30BDE8F08100BF012E04D0FD
:10DE0000022E03D0042E03D101E000BF00BF02E0C8
:10DE10006FF00400EFE700BF05F0060010B16FF0EF
:10DE20000500E8E705B3012E02D0022E1AD106E064
:10DE300005F0210010B96FF00500DCE713E005F0F4
:10DE4000200028B105F0800010B96FF00500D2E77E
:10DE500005F0100028B105F0800010B96FF0050042
:10DE6000C9E700E000BF00BF2046FBF765F805F0FA
:10DE7000F00242EA0601A200521C002303EBC2009A
:10DE8000F9F764F97FB92D4807880088401C2B49B1
:10DE90000880084600884FF6F071884203D14FF49D
:10DEA0004040264908803912A200521C4FF480637A
:10DEB00003EBC200F9F74AF9F9B2A200521C4FF481
:10DEC000806303EBC20202F58070F9F73FF9A1000D
:10DED000491C4FF4807202EBC1000121F9F736F9B9
:10DEE00000BFA100491C4FF4807202EBC100F9F79A
:10DEF000D7F80028F5D105F00100A04010490988A5
:10DF000008430F4908800120A0400E490988814339
:10DF10000C48018000200C4921F814000B490855D9
:10DF200000BFA100491C4FF4407202EBC100F9F799
:10DF3000B7F80028F5D060B25DE700003600002099
:10DF4000380000203A000020A04000203C000020C3
:10DF500038B50446B4F9C001401C10B1204600F0A9
:10DF60002BF8134B002241F205012046F8F71DF96A
:10DF70000F4B002241F206012046F8F716F9D4F8BB
:10DF8000C401006800F0804088B1D4F8C80100687E
:10DF900068B1D4F8C80100680090D4F8C801054AF7
:10DFA000002103682046F8F703FCA4F8C00138BD3F
:10DFB0008D5F00086568000870B5044600250023E1
:10DFC0001A4641F205012046F8F7EFF8054615B16B
:10DFD00008A0F2F72DFA00231A4641F20601204666
:10DFE000F8F7E3F80546B4F9C001F3F79DFEA4F88D
:10DFF000C00170BD52656769737465724661696C72
:10E00000656421200A0D000070B504460D4668784D
:10E0100030B17A20005D18B901217A2001550BE05A
:10E02000687848B97A20005D012805D100217A205E
:10E0300001552046FFF752FAE87848B17C20005D90
:10E0400030B901217C2001552046FFF781FF0BE00C
:10E05000E87848B97C20005D012805D100217C20AA
:10E0600001552046FFF7A8FF287948B17D20005DC3
:10E0700030B901217D2001552046FBF70FFC0BE054
:10E08000287948B97D20005D012805D100217D2037
:10E0900001552046FBF70BFCA87848B17B20005DBA
:10E0A00030B901217B2001552046FBF75FF80BE0DA
:10E0B000A87848B97B20005D012805D100217B208C
:10E0C00001552046FBF762F8687948B17E20005D73
:10E0D00030B901217E2001552046F7F7C1FF0BE042
:10E0E000687948B97E20005D012805D100217E2095
:10E0F00001552046F7F7E0FF287830B194F8790011
:10E1000018B9012084F879000BE0287848B994F810
:10E110007900012805D1002084F879002046FFF716
:10E1200047FE70BD70B50025002402204C49887060
:10E1300000204C494860886001204B4908704870B5
:10E1400008208870C02049494873A8214748817336
:10E150001421C1732121017442F2B820434948823D
:10E16000C0200870A8204870142088703E480078AD
:10E170000A30C8703C48007841F641710844401E9E
:10E180003A4988800020887108213848C171DC2113
:10E190000172112141728172334800781030C1B28E
:10E1A0003248C17240203149087300BF05E02F4852
:10E1B000015D2F480155601CC4B2042CF7DB00241C
:10E1C00007E02A48801D005D2949891F0855601C09
:10E1D000C4B2062CF5DB0020264908604860886040
:10E1E000C86001201E49487603201E494876F3F78F
:10E1F0002FFBFF20F3F730FB054629461EA0F2F760
:10E2000017F9282D20D02248416822A0F2F710F9F2
:10E210000A20F4F7E3FE2821FF20F3F749FB0A2048
:10E22000F4F7DCFEFF20F3F717FB0546282D05D099
:10E230001748416823A0F2F7FBF80FE00A4801787D
:10E240000120F3F735FB09E00120F3F705FB064950
:10E250000870084601782BA0F2F7EAF870BD0000BC
:10E26000004300201C43002058430020444300206A
:10E270007E0000209C430020454550524F4D3A20DF
:10E28000726574206973203A202564200A0D00000D
:10E29000EC420020454550524F4D3A202564206DF8
:10E2A000732046697372742054696D65204545502A
:10E2B000524F4D20496E697469616C697A656421B9
:10E2C0000D0A0000454550524F4D3A202564206DFF
:10E2D00073205365636F6E6420454550524F4D2047
:10E2E000496E697469616C697A65204661696C651B
:10E2F0006420506C7A20636865636B206C696E6B78
:10E30000210D0A00454550524F4D3A2063616E5F22
:10E310007661722E4341534E6F64654944206973A0
:10E32000203A2030782578200A0D00000148006846
:10E33000704700009800002000B50246106810B930
:10E34000FFF7F4FF1060074B10681B68181A64236E
:10E35000B0FBF3F0884203D300201060012000BD21
:10E360000020FCE79800002030B585B027A103C944
:10E37000CDE90301002500200290019002242548E8
:10E380004078012813D1244800680090234843684E
:10E390002348426881682348F2F74AF8F9F7ECFB12
:10E3A000FAF71AFCFAF778FA00201A494870194867
:10E3B0008068012804D1F3F76DFF002015498860BB
:10E3C0001448C078012809D117480078C0F34401E7
:10E3D0001648F3F7A7FA00200E49C87000F05EFA5D
:10E3E0000C48807E01280FD1FBF734F90190A00181
:10E3F000FFF7DAFC0849086800F032F90198FFF7E6
:10E40000D3FC0A20F4F7EAFD05B030BD0503000097
:10E410000002C58F004300209C4300201C430020C5
:10E42000EC4200209CFC00081C000020403A002028
:10E430000FB42DE9F04391B04FF0000900260027FA
:10E44000B046002400259DF86C00042840D004DC70
:10E45000012807D0032875D12CE0052839D00A28D7
:10E4600070D156E03B48407E3A49897E88421DD1B2
:10E470003848407E03280AD118A8467D300206B2EB
:10E4800018A8807D06433046FAF7D0F811E03148ED
:10E49000407E04280DD118A8477D380207B218A87D
:10E4A000807D07433846FAF751F902E02AA0F1F7D8
:10E4B000BFFF48E09DF87580414635A0F1F7B8FFF1
:10E4C0002448807E404502D04046FAF739FC3AE0C5
:10E4D00039E0002508E00DF17100405D0444032D92
:10E4E00000DA2402681CC5B2042DF4DB35488460D0
:10E4F00040683449086108460069201AC86018223B
:10E500000BA96846F2F765F907A80FC800F060F894
:10E5100019E000202C494876087618A8407D20B9DB
:10E520002A49086800F08CF90AE018A8407D012803
:10E5300006D12548807E012802D001202249887614
:10E5400001E0FFE700BF00BF484611B0BDE8F0039F
:10E550005DF814FB1C43002057353530303A20530A
:10E56000797374656D204F7065726174696F6E4D5B
:10E570006F6465206E6F74206571207265616C2018
:10E580004D6F746F72204D6F646521200D0A00007D
:10E590004554483A2052656376204672616D652085
:10E5A000746F206368616E6765204F706572617477
:10E5B000696F6E4D6F646520746F20307825780A1E
:10E5C0000D000000EC420020004300209C4300208E
:10E5D0000FB438B500244AF65520049045F2AA50ED
:10E5E0000D900520ADF81C002820069017480078F3
:10E5F0008DF820001648807E8DF82100154880682F
:10E600000990144840680A90114840680B901048DF
:10E610008089ADF830000E48C089ADF832000C4852
:10E62000808BADF82200282204A90B48F2F7D1F81C
:10E6300042F2B820094B2822074900900120FFF739
:10E6400065F90446204638BC5DF814FB58430020A9
:10E650001C430020EC420020AC4B00205143002022
:10E6600070B5ADF59B6D0546002600244AF6552091
:10E67000029045F2AA50CDF8D104564800788DF8A2
:10E6800018000A20ADF814000120ADF8160064202F
:10E69000B5FBF0F0CDF81D006420B5FBF0F100FBF8
:10E6A000115020B1DDF81D00401CCDF81D00DDF833
:10E6B0001D0018B948A0F1F7BBFE81E0DDF81D0090
:10E6C0004F490968884209D200204E4988764EA0F9
:10E6D000F1F7AEFE01204B49487671E0DDF81D00F0
:10E6E00047490968401A01D0642005E044480068A1
:10E6F000401E642101FB1050039041480068CDF892
:10E70000190000243CE03E480068401E00EBC001B8
:10E7100001EB001004EB8000444901EB001004EB16
:10E72000440241680DF1210000EB82000160344891
:10E730000068401E00EBC00101EB001004EB8000FC
:10E740003A4901EB001004EB440281680DF121000D
:10E7500000EB820041602A480068401E00EBC001C7
:10E7600001EB001004EB8000304901EB001004EBDA
:10E770004402C1680DF1210000EB82008160641C3D
:10E780000398A042BFD840F2CD400490024602A9AF
:10E790002748F2F71EF842F2B820264B40F2CD424D
:10E7A000234900900120FFF7B1F80646DDF81D303F
:10E7B00021484168124802682048F1F739FE00BF3D
:10E7C0000F480068401C0E49086030460DF59B6DEF
:10E7D00070BD00005843002057353530303A204E88
:10E7E0006F2045666665637420534452414D204452
:10E7F0006174612055706C6F616421200D0A000006
:10E80000680400200043002057353530303A207529
:10E81000703B6F6164205461736B2053656E64209C
:10E8200046696E6973686564210D0A00000000C0C6
:10E83000AC4B002051430020EC42002084FE000835
:10E8400030B58BB0054600244AF65520019045F2BC
:10E85000AA500A900A20ADF810000020ADF812006E
:10E860000B4800788DF8140028200390282201A975
:10E870000848F1F7AEFF42F2B820074B28220549BD
:10E8800000900120FFF742F8044620460BB030BD4F
:10E8900058430020AC4B00205143002010B58CB0F1
:10E8A00000244FF44270F8F7FBFBA0B322283CD1C0
:10E8B00001212848FFF740FD01282BD14FF40270B9
:10E8C000F8F7EEFB00F0040020B104214FF40270D1
:10E8D000F8F73CFC0020FAF7E1FDC0B2041E19DD98
:10E8E000611C1D48F1F7A7FF1C48431F22461A4927
:10E8F00000900020FEF77CFC2022174904A8F1F7C5
:10E9000068FF0D2208A96846F1F763FF04A80FC845
:10E91000FFF78EFD09E0FFE71048123882880023D8
:10E9200002211846FFF75CFA00BF00BF4FF44A709F
:10E93000F8F7B6FB10B1222809D108E007481238D1
:10E94000027B002302210120FFF74AFA00BF00BF2B
:10E950000CB010BD90000020AC43002056430020B6
:10E960002DE9F04704460F4616460025A8460EB985
:10E97000BDE8F087A100491C4FF4205202EBC10111
:10E9800001F58070F8F78CFB8146A100491C4FF41B
:10E99000205202EBC100F8F783FB09EB002085B29F
:10E9A0002902A000C01C01EBC0083246394640468F
:10E9B000F8F79CFBA81985B22912A200521C4FF44B
:10E9C000205303EBC200F8F7C1FBE9B2A200521CCE
:10E9D0004FF4205303EBC20202F58070F8F7B6FB48
:10E9E00000BFC5E72DE9F04104460E460025A10011
:10E9F000491C4FF4205202EBC10101F58070F8F779
:10EA00004FFB0746A100491C4FF4205202EBC10006
:10EA1000F8F746FB07EB002085B2A81985B229124A
:10EA2000A200521C4FF4205303EBC200F8F78EFBF8
:10EA3000E9B2A200521C4FF4205303EBC20202F5CC
:10EA40008070F8F783FBBDE8F0812DE9F0470446BC
:10EA50000F4616460025A8460EB9BDE8F087A1006E
:10EA6000491C4FF4105202EBC10101F58070F8F718
:10EA700017FB8146A100491C4FF4105202EBC10064
:10EA8000F8F70EFB09EB002085B22902A000801CDC
:10EA900001EBC008324639464046F8F77DFBA8191D
:10EAA00085B22912A200521C4FF4105303EBC2008E
:10EAB000F8F74CFBE9B2A200521C4FF4105303EBE1
:10EAC000C20202F58070F8F741FB00BFC5E70146BE
:10EAD000087870470170704770B50446E5B2261299
:10EAE00005F0F0014FF4A850F8F730FB31464FF431
:10EAF000B850F8F72BFB70BD7047704770477047F0
:10EB000070B50026002400254FF4A850F8F7C8FA85
:10EB100000F0F0064FF4B850F8F7C2FA0446254664
:10EB200006EB052085B2284670BD70B5002600248E
:10EB300000254FF4B050F8F7B3FA06464FF4C05032
:10EB4000F8F7AEFA0446254606EB052085B22846BE
:10EB500070BD000010B50446062221464FF4106037
:10EB6000F8F7C4FA042204F10E019001F8F7BEFA96
:10EB7000042204F10A014FF4A060F8F7B7FA042266
:10EB8000A11D4FF47060F8F7B1FA07480078A0743F
:10EB900005484178E17481782175C1786175034831
:10EBA0000078A07510BD00006400002068000020FF
:10EBB00010B50020F8F774FA10BD70B504464FF494
:10EBC000D850F8F76DFA20704FF4D050F8F768FA83
:10EBD00005464FF4C850F8F763FA05EB0020608053
:10EBE00070BD2DE9F04105460E46002700F0A5F85E
:10EBF000F5B100BF002404E0285D384447B2601C32
:10EC000044B2082CF8DB102F03DD4FF0FF30BDE8D5
:10EC1000F08100240AE0295DA200521C4FF4F85351
:10EC200003EBC200F8F792FA601C44B2082CF2DB46
:10EC3000EEB10027002404E0305D384447B2601C88
:10EC400044B2082CF8DB102F02DD4FF0FF30DEE776
:10EC500000240AE0315DA200521C4FF4F05303EB94
:10EC6000C200F8F773FA601C44B2082CF2DB0020F3
:10EC7000CDE770B50446E5B2261229464FF4B050F0
:10EC8000F8F764FA31464FF4C050F8F75FFA70BDF8
:10EC900010B50446062221464FF41060F8F77CFABE
:10ECA000042204F10E019001F8F776FA042204F12F
:10ECB0000A014FF4A060F8F76FFA0422A11D4FF487
:10ECC0007060F8F769FAA07C05490870E07C48702C
:10ECD000207D8870607DC870A07D0249087010BDDD
:10ECE000640000206800002070B50446002524F070
:10ECF0003A0008B1681E70BD0020F8F7D1F905464A
:10ED0000254329460020F8F721FA0020F3E710B543
:10ED1000044621784FF4D850F8F718FA60880112A9
:10ED20004FF4C850F8F712FAA1784FF4D050F8F722
:10ED30000DFA10BD00207047704700B585B006225F
:10ED400069464FF41060F8F7D1F9042204A9900144
:10ED5000F8F7CCF9042203A94FF4A060F8F7C6F93C
:10ED6000042202A94FF47060F8F7C0F98021002056
:10ED7000F8F7ECF90020F8F793F9062269464FF40A
:10ED80001060F8F709FA042204A99001F8F704FAD0
:10ED9000042203A94FF4A060F8F7FEF9042202A9A7
:10EDA0004FF47060F8F7F8F905B000BD70B504468F
:10EDB00000254FF43850F8F773F90546C5F3801075
:10EDC000207005F03800202802D0382803D100BF79
:10EDD0000120607002E00020607000BF00BF05F0FD
:10EDE0003800102805D0182802D0202804D100BFF0
:10EDF00000BF0120A07002E00020A07000BF00BF93
:10EE000005F03800082805D0182802D0202804D1A1
:10EE100000BF00BF0120E07002E00020E07000BFF2
:10EE200000BF70BD10B54FF43850F8F739F900F055
:10EE3000010008B1012400E00024204610BD10B5F7
:10EE400000244FF43850F8F72BF900F0300008B1E7
:10EE5000012400E00024204610BD10B54FF43850C6
:10EE6000F8F71EF9044624F0800421464FF4385088
:10EE7000F8F76CF94FF43850F8F712F9044644F0FB
:10EE8000800421464FF43850F8F760F910BD70B592
:10EE9000054600242878012802D144F0400401E00E
:10EEA00024F040046878012802D144F0380412E0CC
:10EEB000E878012808D1A878012802D144F0180484
:10EEC00009E044F0080406E0A878012802D144F0E3
:10EED000100400E000BF21464FF43850F8F736F92F
:10EEE000FFF7BBFF70BD70B5054600244FF43850E6
:10EEF000F8F7D6F8044604F0400010B94FF0FF30A0
:10EF000070BD24F03804012D02D144F0300401E03A
:10EF100044F0380421464FF43850F8F717F9FFF75A
:10EF20009CFF4FF43850F8F7BBF80446012D04D18C
:10EF300004F0300030B10020E2E704F0380008B1FE
:10EF40000020DDE74FF0FF30DAE72DE9F04F87B022
:10EF500004460D4616461F46DDE912ABDDE9108971
:10EF6000012000213B463246CDE9040B8DE8000725
:10EF7000039129462046F8F763FC07B0BDE8F08FFF
:10EF800010B500290AD00878002807D00548784431
:10EF9000F2F756F8002801D0002010BD024878444E
:10EFA00010BD00006A1500006215000021F000424B
:10EFB000A2F16052B2F5801F01F0004328BFD2F1E8
:10EFC0007F6C0BD95FEA001C43EAC20242EB50702F
:10EFD00018BF704728BF20F001007047B2F5801FAE
:10EFE000BCBF184670474FEA410C1CF5001F02D207
:10EFF000084600F09DBB70B500F09AFA0000008949
:10F00000FFF7F6BF4FF00040A0F5800070474910B1
:10F0100058BFC1F140415B1058BFC3F140438B4220
:10F02000EFF30080704700002DE9C04130B4DFF8F5
:10F03000A0C23CEA111418BF3CEA131400F0EC80A3
:10F0400081EA03051CEA111444EAD57418BF1CEACE
:10F05000131500F0C780A4EB05044FF0004545EA06
:10F06000C12145EAC32341EA505143EA525304F116
:10F070007F74994204F500344FEAC0204FEAC2225F
:10F0800008BF904200F09C804FEA13650FF24016D3
:10F09000765D4FEA134506FB05F7C7F1807706FB5F
:10F0A00007F74FEAD737A7FB03687642C8F58038E1
:10F0B000A7FB06CE38BFA8F1010807FB08E64FF012
:10F0C000000EA6FB028CE6FB03CEDCF1000CCEF1B9
:10F0D000004E38BFAEF1010EA6FB0C584FF00007F2
:10F0E0004FF00005E6FB0E87A1FB08C6A0FB07CE8C
:10F0F00016EB0E0645F10005E1FB076515F1E04E44
:10F100007EBFA4F580345FEA46066D4116F18007A4
:10F1100045F100054FEA17274FEA066647EA0567FB
:10F12000A6F1DE46B6F1805F4FEA15251FD93846B5
:10F1300024F0010C05EBC471BCF1FE6F01EB0C1166
:10F1400002D8F0BCBDE8008124425CBF01F5801EFE
:10F150009EEAC47F02D4F0BCBDE80081244238D4CA
:10F16000F0BCA1F1C041BDE8004100F02FBA4FEA68
:10F17000D22242EA43524FEAD323A7FB02864FEA48
:10F18000D02040EA415007FB03661EEA0E0F4FEA0B
:10F19000D12105FB026658BFA6EB0056B6EB005620
:10F1A0004FEA520E4EEAC37E18EB0E0E56EB530E8C
:10F1B000BDD518EB02085E417F1C55F10005B6E78E
:10F1C0004FF480154FF000074FF000064FF0000895
:10F1D000ADE7F0BC4FF0000001F1C04101F000418B
:10F1E000BDE8008111EA0C1F0CEA131500D00CE0F9
:10F1F00013EA0C1F00F025804FF00000F0BC81EAFC
:10F20000030101F00041BDE80081F0BCBDE8004110
:10F2100081EA030100F0DAB9F0BCBDE8004170B545
:10F2200000F086F9097EFC3E00F007B881EA030190
:10F230004FF0000001F00041704781EA030100F047
:10F24000C5B9F0BCBDE800414FF00000214970474E
:10F25000FFFDFBF9F7F5F4F2F0EEEDEBE9E8E6E49B
:10F26000E3E1E0DEDDDBDAD8D7D5D4D3D1D0CFCD22
:10F27000CCCBCAC8C7C6C5C4C2C1C0BFBEBDBCBB5B
:10F28000BAB9B8B7B6B5B4B3B2B1B0AFAEADACAB56
:10F29000AAA9A8A8A7A6A5A4A3A3A2A1A09F9F9E30
:10F2A0009D9C9C9B9A9999989797969595949393E2
:10F2B000929191908F8F8E8E8D8C8C8B8B8A898979
:10F2C00088888787868585848483838282818180FC
:10F2D0000000FF070000F87F4FEA41034FEA535355
:10F2E000A3F58063D3F11E03C8BFD3F1210C0CDD5D
:10F2F0004FF0004242EAC12242EA505232FA03FC85
:10F300008CEAE17CACEBE1707047102BC4BF0020AD
:10F31000704703F5787CBCF1FF3F04D06FF00042EA
:10F3200082EA2100704770B500F002F9499224800A
:10F3300000207047F2E710F0004248BF4042B0FAA8
:10F3400080F310FA03F10AD0C3F11D0303F58063C3
:10F350004FEA415002EB035202EBD12170474FF0CC
:10F360000000704751EA030C17D41CF5801F58BFEA
:10F37000BCF5801F00F10680994218BF704708BF96
:10F380009042704707D711F5801F58BF13F5801FB3
:10F3900019D499427047894270471CF5801F08D5DF
:10F3A000BCF5801FF7D58B4218BF704708BF82425B
:10F3B00070474FF4001C1CEB410F38BF1CEB430F90
:10F3C00001D28B42704770B500F0B2F89224490028
:10F3D0004FF000514FF08053FFF719BEDFF848C1DE
:10F3E00070B51CEA111E1EBF1CEA13159EEA0C0F15
:10F3F00095EA0C0F00F06F8081EA030423EA4C13B6
:10F400004EEAD47E21EA4C1141F4801143F480137A
:10F41000AE44A1FB024CA0FB0365AEF17F7E361922
:10F4200055EB0C05A1FB034C4CF10003A0FB021CA7
:10F4300016EB0C06654153F10003094218BF46F074
:10F44000010613F4007F0BD14FEA03314FEA053078
:10F45000340341EA155140EA16506FF003020AE006
:10F460004FEAC3214FEAC520F40241EA555140EA70
:10F4700056506FF0020202EB2E4201EB025585EA74
:10F48000CE710AD05FEA440C18BF24F0004450F15A
:10F49000000041F1000120EAD47040F2FE7C624598
:10F4A00000D270BDA84214BF4FF080444FF04044DA
:10F4B000002E08BF0024BEF1806FA8BFA1F1C0419B
:10F4C000BDE8704080F282804FF0000001F1C04141
:10F4D00001F0004170479EEA0C0F0CEA131518BFAB
:10F4E00095EA0C0F06D04FF0000081EA030E0EF0F3
:10F4F000004170BD00F01CF88900013E00F007B823
:10F5000000F009B84FEA430C5FEA5C5C08D081EA7E
:10F51000030100F05BB84FEA410C5FEA5C5CF6D196
:10F520004FF00000014970470000FF070000F87F1E
:10F530000EF1020E2EF0030E5EF8046B364205D477
:10F54000012A43EB030515F5001F12D8012841EBF2
:10F55000010C1CF5001F0CD80ED14FEAD17C15F51B
:10F56000001F0CEB4C0C0CF1020C08BF4CEBD37CD5
:10F5700004E04FF0080C01E04FEAD37C0CEB4C05A3
:10F5800026FA05F606F00706B6F1040C06D20EEBD5
:10F59000860CBDE870404CF0010C6047DFE80CF0D1
:10F5A000090B02024FF000414FF00000A1F50021CD
:10F5B00070BD19461046012851EB010418BFD4F55F
:10F5C000001484BF002001F0004170BD0808A0F5C0
:10F5D00000114FEA3101704753EA010C17D41CF5B2
:10F5E000801F58BFBCF5801F00F106808B4218BFFA
:10F5F000704708BF8242704707D713F5801F58BF76
:10F6000011F5801F19D48B4270479B4270471CF53F
:10F61000801F08D5BCF5801FF7D5994218BF7047E9
:10F6200008BF904270474FF4001C1CEB430F38BFDB
:10F630001CEB410F01D2994270470FB40CBC03BCC4
:10F64000FFF7C1BE43004FEAD30C4FEA3C0C4340E6
:10F650001FBF40070CF1605113F0FE4F70471CF0C4
:10F66000006F03D100200CF0004170470CF0004304
:10F6700043EA507010B540EACC0000F00EF800BF2D
:10F68000000000924FEA0001FFF7A0BF4FF00041D9
:10F690004FF00000A1F5002170470EF1020E2EF090
:10F6A000030E5EF8044B244204D44FEA4102B2F147
:10F6B0007F4F11D84FEA4003B3F17F4F0CD80ED1E2
:10F6C0004FEAD07CB2F17F4F0CEB4C0C0CF1020CEA
:10F6D00008BF4CEBD17C04E04FF0080C01E04FEA8E
:10F6E000D17C0CEB4C0324FA03F404F00704B4F1CE
:10F6F000040C06D20EEB840CBDE810404CF0010C5B
:10F700006047DFE80CF0070802024FF00040A0F568
:10F71000800010BD0846420018BFD2F1807288BF39
:10F7200000F0004010BD4FF04070E1EE100A70474D
:10F73000FF2141EAD050C0057047F1F7D9B9000068
:10F740000000000000000102030406070809000091
:10F75000000001020304000002020202020202028F
:10F76000020202020202020208062B00710060007F
:10F7700000000000000000000000030008062F0049
:10F780007E00600000000000000000000000050096
:10F7900008062300C50060000000AA00AA002A0095
:10F7A0000400070008062300C60060000000AA004D
:10F7B000AA002A0004000700080623008500600054
:10F7C0000000AA00AA00AA001000070008062B00EB
:10F7D000720060000000AC000D0000000000060098
:10F7E00008062B00E00060000000AC000D000000E7
:10F7F0000000060008062B00E10060000000AC00DD
:10F800000D0000000000060008062F0060006000E8
:10F8100000000400000000000000050008062300AE
:10F820007F00600000000D008D00A10008000700AF
:10F8300001000000000000000001010101000100C2
:10F8400000010101010100000000000001000100B1
:10F85000000200000003000000040000000500009A
:10F86000800100008002000080030000800400008E
:10F87000010000008C090020010000109C090020FC
:10F8800001000110AC09002005000310F009002060
:10F8900001000510040A0020010006101C0A0020C7
:10F8A00001000810340A0020010009104C0A002051
:10F8B00001000A105C0A002001000C106C0A0020F4
:10F8C00001000D107C0A0020010014108C0A002099
:10F8D00006001610DC0A002001001710F80A0020AC
:10F8E000040018102C0B002002002910540B0020DB
:10F8F00004008012900B002003000014C00B0020B5
:10F9000003000114F00B002003000214200C00205F
:10F9100003000314540C002004000016940C002073
:10F9200004000116E80C002009000216580D002002
:10F9300009000316D40D0020060000182C0E00202C
:10F9400006000118840E002006000218DC0E0020BC
:10F9500006000318300F00200300001A600F00207B
:10F960000300011A880F00200900021AF80F002076
:10F970000900031A6810002007000020C0100020B2
:10F9800004000120F41000202B000220FC120020B3
:10F9900053000320E41600203900042094190020AD
:10F9A0003F0005208C1C0020150006208C1D002027
:10F9B0002A000720881F00201A000820C4200020E9
:10F9C00029000920B422002023000A205C24002002
:10F9D00057000B207428002025000C20342A00201A
:10F9E00016000D20402B002016000F204C2C00206C
:10F9F0005D001120AC30002042001720C8330020E9
:10FA000005003020083400200D003120A4340020EF
:10FA100001003F20B034002001003F60BC340020D2
:10FA200001004060C834002001004160D43400204F
:10FA300001005A60E034002001005D60EC340020D9
:10FA400001006060F834002001006160043500208E
:10FA50000100626010350020010063601C35002049
:10FA60000100646028350020010065603435002005
:10FA70000100666040350020010067604C350020C1
:10FA8000010068605835002001006B60643500207B
:10FA900001006C607035002001006D607C35002035
:10FAA00001006E608835002001006F6094350020F1
:10FAB00001007060A035002001007160AC350020AD
:10FAC00001007260B835002001007460C435002068
:10FAD00001007760D035002001007A60DC3500201D
:10FAE00001007C60EC35002003007D6010360020B2
:10FAF00001007E601C36002001007F602836002057
:10FB0000010081603436002001008360403600200F
:10FB1000010084604C3600200100856058360020CA
:10FB20000100866064360020010087607436002082
:10FB3000030091609836002001009860A8360020EC
:10FB400003009960CC36002001009A60DC3600206A
:10FB50000200C160F83600200300C2601C3700209C
:10FB60000100C560283700200100C660343700203E
:10FB70000100E060403700200100E1604C370020C8
:10FB80000100E660583700200100F460643700206F
:10FB90000100FC60703700200100FD60803700200C
:10FBA0000300FE60A43700200100FF60B037002092
:10FBB0000100026500000F001000140018001C0076
:10FBC00000000F00130017001B001F0068003031F9
:10FBD0003233343536373839414243444546403074
:10FBE0005800303132333435363738396162636426
:10FBF0006566403078000400000800000000000046
:10FC0000000200010000100002400000000000A0FF
:10FC10000000000005400000000000C800000000D7
:10FC20000C4000000000409C000000001940000053
:10FC30000020BCBE0000000034400000BFC91B8E85
:10FC400000000004B5400000504BCFD06607E2CF63
:10FC5000010000006C4100003E8251AADFEEA73493
:10FC600001000000D9420000DCB5A0E23A301F9745
:10FC7000FFFFFFFFB4450000FD25A0C8E9A3C14F69
:10FC8000FFFFFFFFFF3F00000000008000000000BA
:10FC9000FF3F000000000080000000006C61746500
:10FCA00073742053796E63204754433A20256420AF
:10FCB0006D732C204341533A2564206D73204865B1
:10FCC00061727442656174204D73672C20437572B4
:10FCD00072656E7420506F736920697320256420EB
:10FCE000756D2C205265636F726420546F74616C63
:10FCF0004E756D2069732025640A0D0042495353E7
:10FD00002D433A2053746570203220455252204FC3
:10FD10006363757221206E414753455252206973C7
:10FD2000202564206E534344455252206973202598
:10FD3000642C2072655374617274204147532120F2
:10FD40000A0D000020424953532D433A5374657005
:10FD500020352041637175697265205347204461E5
:10FD60007461204661696C65642120537461747507
:10FD700073496E666F726D6174696F6E463120698A
:10FD800073202564200A0D0043414E4F70656E3A82
:10FD900020536C6176654E6F6465204F70657261AB
:10FDA00074696F6E4D6F64652069732030782578B3
:10FDB0002C20436F6E74726F6C776F72642069735E
:10FDC00020307825782C20537461747573776F72A6
:10FDD00064206973203078257820200D0A00000007
:10FDE00043414E4F70656E3A2053746174757320B1
:10FDF000332057616974696E6720466F7220456EC3
:10FE000061626C6520536572766F2C20706C7A206D
:10FE100073656E6420436F6E74726F6C776F72647B
:10FE20002030783046200D0A0000000043414E4F3C
:10FE300070656E3A20536C6176654E6F6465204F35
:10FE40007065726174696F6E4D6F646520697320AF
:10FE5000307825782C20436F6E74726F6C776F72D8
:10FE60006420697320307825782C20537461747570
:10FE700073776F72642069732030782578200D0ABB
:10FE80000000000057353530303A202564206D736E
:10FE900020534452414D20446174612069732075A0
:10FEA000706C6F6164696E67212073756250616365
:10FEB0006B4E756D2F746F74616C53756250616316
:10FEC0006B4E756D203A2025642F25640D0A0000C5
:10FED0002564206D733A205450444F323A204375C4
:10FEE0007272656E7420576F726B204F706572610D
:10FEF00074696F6E20697320307825642C207265D8
:10FF0000616C54696D6566696C7465725370656582
:10FF100064206973203A2025642072706D2C20546F
:10FF20006172676574537065656420697320256428
:10FF30002072706D2C207265616C54696D65546F10
:10FF4000727175652069732025664E2E6D200A0D2D
:10FF5000000000005554433A2564206D732043414E
:10FF6000533A202564206D732043414E3120537451
:10FF700061727420504920506F736974696F6E20EC
:10FF8000436F6E74726F6C2C20496E697469616C7A
:10FF900020706F73692069732025642C206769764F
:10FFA000656E506F736956616C2069732025640A11
:10FFB0000D0000005554433A202564206D73204302
:10FFC00041533A202564206D732C204554482075F8
:10FFD000706461746520546F72717565203A256490
:10FFE000204E6D2C2073656E64546F727175655070
:10FFF00061727469616C2069732025640A0D0000C8
:020000040801F1
:100000004341533A20202564206D73204F70657260
:100010006174696F6E4D6F64652030782578206457
:1000200069734D617463686564206F7220537973DE
:1000300074656D5374617475732057726F6E6721A8
:10004000200A0D210000000053444F206572726F9A
:100050007220626C6F636B20646F776E6C6F61648B
:10006000203A2052656365697665642077726F6E09
:100070006720737562636F6D6D616E64202D2069FA
:100080006E64657820307831323030202B200000CB
:1000900053444F206572726F72203A205265636537
:1000A0006976656420626C6F636B2075706C6F613C
:1000B0006420726573706F6E736520666F72207551
:1000C0006E73746172746564207472616E732E2035
:1000D000696E64657820307831323030202B200012
:1000E00053444F206572726F72203A2052656365E7
:1000F0006976656420646F776E6C6F6164207365E8
:10010000676D656E7420666F7220756E73746172B0
:10011000746564207472616E732E20696E646578F4
:1001200020307831323030202B20000053444F20D3
:100130006572726F72203A205265636569766564F4
:100140002075706C6F6164207365676D656E7420D7
:10015000666F7220756E7374617274656420747258
:10016000616E732E20696E6465782030783132308C
:1001700030202B200000000053444F206572726F26
:1001800072203A20526563656976656420626C6FFF
:10019000636B2075706C6F61642072657175657337
:1001A0007420666F7220756E73746172746564205A
:1001B0007472616E732E20696E64657820307831B8
:1001C000323030202B20000053444F206572726F74
:1001D00072203A2052656365697665642075706C9B
:1001E0006F616420726573706F6E736520776974D8
:1001F00068206261642061636B73657120696E645D
:10020000657820307831323030202B20000000001B
:1002100053444F206572726F72203A2052656365B5
:10022000697665642075706C6F6164207365676DB5
:10023000656E742077697468206261642061636B05
:1002400073657120696E64657820307831323030A2
:10025000202B200053444F206572726F72203A2089
:10026000556E61626C6520746F20636F70792074C5
:10027000686520646174612066726F6D206F626AC8
:100280006563742064696374696F6E6172792E208E
:1002900045727220636F6465203A200053444F20FA
:1002A0006572726F72203A204E6F206C696E652005
:1002B000667265652C20746F6F206D616E792053B6
:1002C000444F20696E2070726F67726573732E20C1
:1002D00041626F7274656420666F72206E6F646530
:1002E000203A200053444F206572726F7220626C76
:1002F0006F636B2075706C6F6164203A2052656388
:1003000065697665642077726F6E672073756263C6
:100310006F6D6D616E642066726F6D206E6F6465C7
:10032000206964200000000053444F206572726F02
:1003300072203A205265636569766564207365674B
:100340006D656E7420726573706F6E736520666F75
:100350007220756E6B6E6F776E207472616E732E85
:100360002066726F6D206E6F646549640000000046
:1003700053444F206572726F7220626C6F636B2002
:10038000646F776E6C6F6164203A205265636569B3
:100390007665642077726F6E6720737562636F6D28
:1003A0006D616E642066726F6D206E6F6465496466
:1003B0000000000053444F206572726F72203A2093
:1003C000526563656976656420726573706F6E73DC
:1003D0006520666F7220756E6B6E6F776E20646F2E
:1003E000776E6C6F616420726571756573742066D9
:1003F000726F6D206E6F64654964000053444F2036
:100400006572726F72203A20526563656976656421
:1004100020726573706F6E736520666F7220756EE3
:100420006B6E6F776E2075706C6F61642072657192
:10043000756573742066726F6D206E6F64654964B4
:100440000000000053444F206572726F7220626C8E
:100450006F636B20646F776E6C6F6164203A20521B
:10046000656365697665642077726F6E6720737562
:1004700062636F6D6D616E642066726F6D206E6F6A
:10048000646520696400000053444F206572726FF8
:1004900072203A20526563656976656420726573DF
:1004A000706F6E736520666F7220756E6B6E6F77FE
:1004B0006E20626C6F636B20646F776E6C6F61642B
:1004C00020726571756573742066726F6D206E6F32
:1004D0006465206964000000140501080000002024
:1004E000403A0000E80100080C160108403A0020DC
:1004F00010200000440200081C000000430000001F
:10050000F8FFFFFF0C0000000E0000000F000000CD
:100510002E000000011032104201031924F4227F42
:10052000C2C010080102573535303013F9EA1B08F4
:10053000FB041AFF041AFD041ACF041AD50401158E
:10054000100D08DC111111C0A8140BFFFFFF1908D2
:100550001B010801397A0119340806231A14A01264
:1005600008320212801A05143A2F14120272FF691F
:1005700014B2162914293C1A163C29E212409A603A
:10058000143A02A35A6014693C2962A93C8978692B
:10059000145A01149A038C2914E98C0A11018C292C
:1005A00014120132207AFF8C29143A02A07A718C3D
:1005B000493CC98CA97869145A02149A048C2914EC
:1005C000C98C1A233449289A05282914E928211AA4
:1005D00018281A8804892829141202BA64DC21FA1E
:1005E0001ADC29143A01C87A41DC29143A02F0BA1B
:1005F0006C141A032812191A0B1AA95049DA091295
:100600008C69145A01149A02A029145A022669A06E
:100610000A1101A02914120132087A618C291449A7
:10062000A0BA641429A0215A77146950C9A0A98CD2
:1006300069145A0214292A69A029141A0260A93CD3
:100640005A03289A04282914E9281AFF82A13A0497
:1006500028BA7E1449283A83141AAA021A2A263A7A
:1006600007140A1184147A85141AAAE229141A2F7D
:10067000122914C9DC3A7F14120D128D12A13A0806
:1006800028122B3A6F14720A3A06143A701469B49D
:10069000021106B2011AE86363FFFF0310B036DAF5
:1006A000083612FA1296121E6BF4015C41921ED2A9
:1006B00032320E3A0FB0215A02405A0CD4D21F1ACD
:1006C000C81C4952690A3CB80B64305A0530320BD9
:1006D00072102B8813224906C97A5A0466690841A8
:1006E0002BC4090A5A07E412641A0AF2CB50C3D683
:1006F000890CA90EA9225AC8A02B701702491612FC
:100700000A3A144E7A0A461A4F0229EC4BB80B02E9
:100710001AE8BB3A010E4942120A12FA880B6F0C12
:1007200090019001D00780025E1A32021A1E023A2E
:1007300064C849CC2BA00F3E920C14F4017D1A2002
:10074000122BA00F39091006411A328E690C29B0FC
:100750006BA00F6412051A500212011A0F6629606D
:100760001A0A08120F1A03960912F2017C29AC2109
:100770002904A9140916A67AFF192310272BE803C8
:100780002CE950891229241AC8FC0AB50A0C01A6C2
:1007900012020211015230E3DE0229D449D8F3B823
:1007A0000B6680FFFFFF7F164006ABAA1A2DAAAA90
:1007B0006A0A04691819082AFF68690429243CABED
:1007C000AA0228413B01FD242A7F04FBB80B60D11B
:1007D000526D295249011492010223020732041377
:1007E00088093A20D64A05685A9810114A9F101A6B
:1007F000A810692C8BF4520C9AF80C9AFC0C11126C
:10080000531B2080D55159141AE8447310276934BA
:1008100019146753563636304323020929D9131069
:100820000A862056302E3069183A2818CD322E30DC
:1008300033181A4018511A0614316A581059D01A30
:100840006810199079781A7810191B79F02A883075
:10085000591C1A18BC690C9A1C0C9A200C9A240C6E
:100860001A280C821459801AD45032031AB9051C64
:100870000C010D647A026C1AE81C5A023C9AEC0CCA
:100880009AF00C1AF40C292C69341B280B70590CA3
:100890001A290C295C1A086C1A88149A08282A4408
:1008A0002859449A480C9A4C401A500C29A41A888A
:1008B0000D9AFF3C9A84309A88306A8C301905A9C9
:1008C000309AB4309AB8306ABC301203AA80309A99
:1008D000E4309AE8306AEC30CA04308B140C302AC9
:1008E000180C59181A1C0C32031210144160207E87
:1008F0006C6010190B1C9A44349A480C9A4C0C5A90
:10090000504012081A6140146460106B7760409A7E
:1009100084289A880C9A8C0C1A900C3208122003A6
:100920001DFF6059549AC43C9AC80C9ACC0C9AD0BA
:100930000C9AD40C9AD80C9ADC0C9AE00C5AE490DD
:1009400069708B540D1C8B2C530C9A300C9A340C00
:100950009A380C9A3C0C9A400C9A440C1A480C1980
:100960006B1123080272FF6A02EC997C2AC80C59A9
:10097000182ACC0C1A0628319ACE189AD0181AD2F6
:100980000C39580A1003588B1C0E582A200C591881
:100990002A240C59409A26189A28181A2A0C3958D1
:1009A0001204DB8064589A74589A78409A7C409A72
:1009B0007E189A80186A8258120513C0FF1AE8B68A
:1009C00089589ACC589AD0409AD4409AD6189AD836
:1009D000181ADA0C29081210144060087B6060ECC9
:1009E0008A0F549A280C1A2C0C2930122014FF60FC
:1009F000107A71309A54249A580C1A5C0C42085997
:100A0000289A841C8BAC530C9AB00C9AB40C9AB8EC
:100A10000C9ABC0C9AC00C9AC40C1AC80CA9709AF7
:100A2000F4709ACC289AD00C9AD40C9AD80C9ADCF0
:100A30000C9AE00C9AE40C1AE80C32065A02701B6D
:100A400064101C191132021B80040C59181A820CF4
:100A50005A02349A84182A831859309A880C1A8AB0
:100A60000C9A03581ABC58691C9A8C282A8E4C5927
:100A70000C1A900C9A2A349AF08C9A92289A940C18
:100A80009A960C9A98988BE451189A9A249A9C0CEE
:100A90009A9E0C9AA00C9AA20C9AA40C9AA60C9A54
:100AA000A86C9AE56C9AAA249AAC242AE624590CDC
:100AB0009AE7309AAE249AE8241AE90C5A02241ACA
:100AC000B024690C9AB20C9AB46C9AB60C9AB80C11
:100AD0009ABA0C9ABC6C9AEA6C9AEB0C1AEC0C5A07
:100AE00001309ABE3C9AC03C9AED9C9AC2249AC4AA
:100AF000249AEE549AEF0C9AF00C2AF10C593C1AF5
:100B0000C63C69781AC80C32525A02288BF812284F
:100B10009ACA709ACC0C9ACE0C9AD00C9AD20C9A93
:100B2000D40C9AD60C9AD80C9ADA0C9ADC0C9ADE71
:100B30000C9AE00C9AE20C9AE40C9AE60C9AE80CF7
:100B40009AEA0C9AEC0C9AEE0C2AF00C59FC8BF2F7
:100B5000510C9AF30C9AF40C9AF50C9AF60C9AF73D
:100B60000C9AF80C9AF90C9AFA0C9AFB0C9AFC0C59
:100B70009AFD0C9AFE0C2AFF0C59B49AF2C09AF412
:100B8000C0118A520C9A010C9A020C9A030C9A0416
:100B90000C9A050C9A060C9A070C9A080C9A090CE8
:100BA0009A0A0C9A0B0C9A0C0C2A0D0C4A03B49A54
:100BB000F6C09AF80C9AFA0C2AFC0C59309AFE0CE2
:100BC000195079249A020C9A040C2A060C59302ADE
:100BD000080C59849A0E909A0F0C9A100C9A110CCA
:100BE0009A120C9A130C9A140C9A150C9A160C9AC9
:100BF000170C9A180C9A190C9A1A0C9A1B0C9A1C1E
:100C00000C9A1D0C9A1E0C9A1F0C9A200C2A210C6F
:100C10004A06FC2A0AFC590C1A0C0C32385A0228D3
:100C20008BE0161C9A0E289A100C9A120C9A140C2F
:100C30009A160C9A180C9A1A0C9A1C0C9A1E0C2ACA
:100C4000200C59849A22B89A230C9A240C9A250CC9
:100C50009A260C9A270C9A280C9A290C9A2A0C9AF4
:100C60002B0C9A2C0C2A2D0C599C9A229C9A2E24DF
:100C70009A2F0C9A300C9A310C9A320C9A330C9AA7
:100C8000340C9A350C9A360C9A370C9A380C9A39DF
:100C90000C9A3A0C9A3B0C9A3C0C9A3D0C9A3E0CDE
:100CA0009A3F0C9A400C9A410C9A420C9A430C9A27
:100CB000440C9A450C9A460C9A470C2A480C22067A
:100CC00032021B24050C4A030C9A260C2A280C59C4
:100CD000249A2A189A2C0C1A2E0C323E5A02588B3F
:100CE0009019349A30402A320C220732042A340CEC
:100CF00059309A49889A38589A3A3C9A3C3C9A40DA
:100D00003C2A4A3C59189A44189A4B189A48189AFF
:100D10004C189A4C189A4D849A50789A520C9A54BE
:100D2000309A4E309A56249A580C9A5A0C9A5C3C37
:100D30002A4F3C590C9A500C9A510C9A520C9A53C7
:100D40000C9A540C9A55849A5E6C9A600C9A620CB8
:100D50009A640C9A660C2A680C22041903119A6C86
:100D6000A89A56609A70309A72249A57249A7418E6
:100D70009A58A89A59249A76242A5A1859789A780F
:100D8000189A5B189A7C189A5C489A80902A820C70
:100D90004A07309A84302A5D3059189A88189A5E2A
:100DA0009C9A5F0C9A600C9A610C9A62789A8C6C8F
:100DB0001A900C32145A02288B881C289A94A09AF4
:100DC000960C2A980C4A030C9A9A189A9C0C9A9E94
:100DD0000C9AA00C9AA20C9AA40C9AA6DC9AA818B9
:100DE0009AAC189AA90C9AAA0C9AAB309AAE0C9AA3
:100DF000B00C9AB20C9AB40C1AB60C32295A024CA6
:100E00008B881D1C9AB8289ABA0C2ABC0C4A030C71
:100E10009ABE888B6352249AC0309AC20C9AC40C32
:100E20009AC60C9AC80C9ACA0C9ACC0C9ACE6C2A08
:100E3000646C590C9A65789AD0249A66189AD248AC
:100E40009AD40C9AD60C9AD80C9ADA0C9ADC0C9A92
:100E5000DE609A67849A680C9A690C9A6A0C9A6B9D
:100E60000C9A6C0C9A6D0C9A6E0C9A6F0C9A700C12
:100E70009A710C9A720C9A730C9A740C9A750C2ACB
:100E8000760C59CC1AE0CC32195A021C8B841F1CE8
:100E90009AE2F49AE40C9AE60C9AE80C9AEA0C2A84
:100EA000EC0C59549AEE0C9AEF249AF40C9AF60C26
:100EB0009AF80C9AFA0C9AFC0C9AFE549AF01819AB
:100EC0000879189AF1249AF2242A0224590C9A04D7
:100ED0000C9A060C9A080C9A0A0C9A0C0C1A0E0C16
:100EE0002A285059648BC0201C9A10289A120C9AF8
:100EF000140C9A160C9A180C9A1A0C9A1C0C9A1E1E
:100F00000C1A200C19C8390C9A22F48B77520C2A2F
:100F1000780C59249A243C9A260C9A280C9A2A0C6C
:100F20009A2C0C9A2E0C9A300C9A320C9A340C9AF9
:100F3000360C9A380C9A3AB49A3CB49A79B49A7AA4
:100F40000C9A7B0C9A7C0C2A7D0C4A03489A3E60D2
:100F50009A40549A7E309A7F0C9A800C9A810C9A0F
:100F6000820C2A830C59549A42601A440C32225A39
:100F700002288BB0221C9A46289A48889A844C9A58
:100F80004A249A4C249A857C9A860C9A873C9A4EDD
:100F90003C2A500C220732049A54489A88309A58B6
:100FA000189A89549A8A0C9A8B309A5A309A8C24BF
:100FB0009A8D249A5C849A5E309A8E249A60249A40
:100FC000620C9A640C9A660C9A680C9A6A0C9A6C79
:100FD0000C9A6E0C9A70789A8F789A72241A740C04
:100FE00032565A02281358244C2002031C1A761C2D
:100FF000690C9A780C2A7A0C59409A7C641A90648D
:1010000069189A7E182A911822041903119A8018D7
:101010009A92309A84549A866C9A88182A8A0C5923
:10102000489A8C489A93609A90189A94189A9418AF
:101030002A95184A07189A98182A961859789A9C47
:10104000849A9E249A97B49AA0189A98189AA2B44F
:101050009AA4241A9924690C9A9A0C9A9B0C9A9C2B
:101060000C2A9D0C59489AA6542AA80C59C09AAC2F
:10107000609A9EC09AB0C09AB20C9AB4489AB60CC4
:101080009AB80C9ABA0C9ABC0C9ABE0C9AC00C9ADC
:10109000C20C9AC40C9AC60C9AC8A82A9FA85918C0
:1010A0009ACA242ACC0C19D529D89AD0309AA0D81B
:1010B0009AD4189AA1489AD83C9ADC242AA2245996
:1010C000189AE0181AA318690C9AA40C9AA5309AD9
:1010D000E4309AA6249AA70C9AA8849AE8309AA990
:1010E000189AEA9C9AEC249AAA489AAB0C9AAC0CEF
:1010F0009AAD0C9AAE9C9AF0489AAF189AF4182AB6
:10110000B0184A07189AF8189AB1189AFC189AB2A7
:10111000181112073320245A021C1B70282859D09A
:101120001A041C69342AB3A059182A0618590C9AB3
:1011300008249AB4C49AB50C9AB60C9AB7489A0A7D
:10114000489A0C0C9A0E0C9A100C9A120C1A140C49
:101150005A020C9A16849AB86C9AB90C9ABA0C9ADC
:10116000BB0C9ABC0C9ABD0C9ABE0C9ABF0C9AC0D0
:101170000C9AC1CC9A189C9A1A909AC2309AC30CB5
:101180009AC40C9AC50C1AC60C69D89A1CE49A1E0B
:101190000C9A200C1A220C32155A02408B302A88E5
:1011A0009A24949A260C9A28A09AC77C9AC8D09A16
:1011B0002A249AC9249ACA0C9ACB0C9ACC3C9A2C11
:1011C0006C9A2E489ACD309ACE0C9ACF0C9AD00CAD
:1011D0009AD1549A30549A320C9A340C1A360C32F2
:1011E000155A02408B3C2B1C9A38289A3A949AD272
:1011F000702AD30C22072A043C99249AD4249AD525
:101200000C9AD6309A40309AD7B89A44189AD83C5B
:101210009AD9249A46249ADA241ADB0C5A02609A44
:1012200048249ADC189A4C189ADD181A5018325C27
:101230005A021C8B482C702A5434590C9A560C9A1A
:10124000580C9A5A0C9A5C0C9A5E709ADEAC9ADF33
:101250000C9AE00C9AE10C9AE20C2AE30C19A929E9
:10126000AC9A60542AE418596C9A64789A660C2AED
:10127000680C593C9A6C3C9AE53C9A70309A720C16
:101280009A743C9A783C9AE63C9A7C309A7E0C9A06
:10129000803C9A843C9AE73C9A88309A8A0C9A8CD3
:1012A0003C9A903C9AE83C9A94309A960C9A983CD6
:1012B0009A9C3C9AE93C9AA0309AA20C9AA43C9A37
:1012C000A83C9AEA3C9AAC309AAE0C9AB03C9AB4DC
:1012D0003C9AEB3C9AB8309ABA0C9ABC3C9AC03C07
:1012E0009AEC3C9AC4309AC60C9AC83C9ACC3C9A68
:1012F000ED3C9AD0309AD20C9AD43C9AD83C9AEED3
:101300003C9ADC309ADE0C9AE03C9AE43C9AEF3C42
:101310009AE8309AEA0C9AEC3C9AF03C9AF03C9AA3
:10132000F4309AF60C9AF83C9AFC3C9AF13C118AFB
:10133000080C9A020C2A040C593C2A080C593C9AB5
:10134000F23C9A0C309A0E0C9A103C9A143C9AF388
:101350003C9A18309A1A0C1A1C0C2A418C59348B5E
:10136000A8301C9A1E289A200C9A220C9A240C9AB7
:10137000260C9A280C9A2A0C9A2C0C9A2E0C9A302D
:101380000C9A320C9A340C9A360C9A380C9A3A0C05
:101390009A3C0C9A3E0C9A400C9A420C9A440C9A35
:1013A000460C9A480C9A4A0C9A4C0C9A4E0C9A503D
:1013B0000C9A520C9A540C9A560C9A580C9A5A0C35
:1013C0001A5C0C5A020C9A5E189A600C9A620C9A7B
:1013D000640C9A660C9A680C9A6A0C9A6C0C9A6E59
:1013E0000C9A700C9A720C9A740C9A760C9A780C6F
:1013F0009A7A0C9A7C0C9A7E0C9A800C9A820C9A9F
:10140000840C9A860C9A880C9A8A0C9A8C0C9A8E68
:101410000C9A900C9A920C9A940C9A960C9A980C9E
:101420009A9A0C9A9C0C1A9E0C32042302053201E3
:1014300013C4335B20021C1AA01C690C9AA20C9ADC
:10144000A40C1AA60C9A0C408B04345C2AA8685988
:10145000189AAA0C9AAB0C9AAC8C9AB2189AAD0C4A
:101460009AAE0C9AAF0C2AB00C19BD29C09AB418C8
:101470009AB1182AB8AC4A070C9ABCB89AC0789AA4
:10148000C2182AC4184A030C9AC60C2AC80C190997
:1014900029602ACA30590C2ACB0C596C9ACC0C9A68
:1014A000D00C2AD43C59849AD80C9ADC0C9AE0903F
:1014B0009AE43C9AE80C9AEC249AF00C9AF20C9A72
:1014C000F40C9AF6C09AF8182AFA5459189AFC0C97
:1014D0002AFE24596C118A090C1A040C29204B028B
:1014E00005F48BE8351C9A08282A0C0C59242A107C
:1014F0000C59DC9A140C9A180C9A1C0C9A200C2A81
:10150000240C59949A2818DA2C888B70361C9A303F
:10151000282A340C19292924DA38349AA4349A3C1C
:10152000349A400C1A440C292C69342AD83459E4D2
:10153000DA48502AF41C590C9A4C789A4D509A501B
:101540000C2A540C4A06DC9A580C2A5A0C59482A80
:101550005C6459709A600C2A640C5948DA68888B6C
:101560007C371C9A6C282A705859409A74182A782B
:1015700018111AFF01E10932121A7C4C1374F81B7E
:1015800008BC84411339721408B4FB1B08C0041A48
:10159000CC041A701C131186024A084980720F137A
:1015A000EB73140809741B08FD088B3978681388DD
:1015B0000A142018531B207EA01AD40C29361AE9CD
:1015C000240A270F0101561AFF011AFB881A5894A2
:1015D0001A6804018023FFFF13E8091B20FC041391
:1015E00007741B0803041AFFA01A0108811349811C
:1015F0008C083B781002100122041AA84013F45200
:0C1600001B2098080A2178D81A05600009
:04000005080001AD41
:00000001FF
